stock,description,label
桐昆股份,持续加码长丝主业，产业链景气反转在即
药明康德,半年报业绩符合预期，增长持续强劲 上半年业绩增长强劲，海外产能布局深化 收入强劲增长，先进模式驱动发展 化学业务整体增长强劲，带动22H1业绩高速增长 上半年业绩维持高增速，长期看好一体化龙头 CRDMO一体化商业模式驱动2022H1业绩持续高增长 订单同比再加速，看好H2高增长 中报各业务高速增长，上调全年指引 一体化赋能平台，业绩持续高增长 无惧疫情扰动实现高增长，上调全年收入预期 业绩呈现高速增长，小分子CDMO业务继续贡献核心业绩增量 H1扣非利润增速超80％，CXO龙头持续高增长 Q2疫情扰动有限，主业持续强劲，全年高增有望持续 年度目标上调，性价比优选 上调全年收入指引，主业加速增长可期 2022H1业绩高增长，进一步上调全年指引
常熟银行,营收增速有望同业领先 转债发行获批，业绩持续高增 业绩保持高增长，微贷投放逐月回暖 营收强拨备厚，60亿元转债获批 信贷投放“供需两旺”，业绩增长保持韧性 Q2信贷投放更进一步，资产质量全面压实 业绩保持高增，资产质量优异 可转债临近催化股价 信贷增长较好，净利润保持20％高增 营收维持高增，资产质量优于同业 营收超预期，需求回暖业绩走强更可期 小微量增质优，可转债即将发行——2022年中期业绩快报点评 信贷高增，资产质量持续优异 存贷保持高增，资产质量优中夯实 营收超出预期，利润增速有望持续改善 营收超出预期，利润增速有望持续改善 营收超出预期，利润增速有望持续改善
拓邦股份,新能源业务增势强劲，利润改善逐季清晰 二季度收入及利润环比改善明显，新能源板块收入高增 业绩好于预期，新能源业务增长强劲 Q2业绩环比大幅改善，新能源业务高增长
兴业银行,大股东增持彰显信心，战略成效有望持续显现 大股东增持，看好长期发展 大股东增持，彰显对公司发展信心 大股东增持彰显信心，公司安全边际高 大股东增持计划出炉彰显信心 大股东增持计划出炉彰显信心 大股东增持计划出炉彰显信心 大股东增持提振信心，三张名片打造新优势 真金白银增持，彰显股东信心──极高性价比标的，坚定看好 大股东增持彰显长足信心，聚焦“续集”，维持买入 大股东增持彰显公司长期价值 1H22或为年内业绩低点，关注战略转型成果
百诚医药,六问六答
长安汽车,自主品牌销量大增，电动车板块迎来质变 三次创业开启自主强周期，电动智能化提速前进 深蓝SL03定价超预期，20万元电车新标杆 深蓝SL03正式上市，增程版16.89万元起售 深蓝03上市，品牌向上新起点 业绩预告超预期，自主品牌强势发力 品牌向上持续发力，业绩大幅增长 二季度业绩符合预期，静待下半年新能源汽车放量 克服疫情影响，Q2扣非业绩同比高增长 Q2扣非归母净利润同比高增长 盈利能力靓丽，进一步催化市场重估 22Q2盈利同比高增长，预计22H2供需两旺盈利提升
长城汽车,产销双双突破十万，利润水平有望改善 汇兑损益致使非经损益超预期，下半年逐季改善 汇兑收益提升业绩，回购彰显信心，建议“买进” 产能利用率影响盈利，新车助力后续产销恢复 产品结构优化，汇兑收益增厚业绩 产品结构优化叠加汇兑收益，业绩提升 Q2归母净利润大幅改善，产品结构持续优化带动智能化电动化转型 产品结构优化、期待高端品牌崛起 扣非后净利润最差时候已过
瑞可达深,汽车连接器头部企业，高压高速驱动高成长 深耕汽车赛道，加速连接未来
水井坊2,费用支出延续，水井保持定力 费用支出延续，水井保持定力
宝胜股份,线缆巨头依托优势资源，快速切入海缆行业
华能国际,盈利能力边际改善，新能源装机提升打开增长空间 火电亏损落地，新能源利润亮眼 高煤价和低利用率拖累业绩，新能源盈利提升23％，欠补发放增强现金流 煤价高位盈利承压，补贴加速收回 煤价高位盈利承压，补贴加速收回 电量下滑拖累当期表现，新能源转型稳步推进 电价同比上涨21％，煤价高企拖累业绩表现 火电亏损环比或扩大，政策落地迫切性凸显 亏损面环比扩大，静待业绩反转
安科瑞,投建微电网产业园，强化中长期成长动能
山东赫达,纤维素醚龙头持续扩产，植物胶囊打开成长空间 纤维素醚价格有望维持高位，植物胶囊销量有望企稳回升 二季度业绩符合预期 植物胶囊持续放量，二季度业绩创新高
新大正2,业态布局完善，业绩稳定增长
科华数据,闪耀“双子星”，大储＋户储双轨推动，新能源布局加速 获得大型储能订单，海外户用储能打开新市场
安克创新,全氮化镓旗舰系列新品发布，充电品类历久弥新——公司信息更新报告 强化用户心智，重新定义氮化镓
水井坊半,至暗时刻已过，全年目标可期
水井坊,费用投入较高，注重长期品牌发展 费用收窄业绩扭亏为盈，旺季回补或带来持续改善 营收逆势增长，业绩扭亏为盈 业绩蓄力新财年，关注长期品牌力释能 收入短期承压盈利转正，新品推进圈层营销可期 营收稳健增长，高端化扎实推进
潮宏基,布局数字藏品、培育钻石，彰显时尚创新品牌基因——公司信息更新报告
航天宏图,2022股权激励发布，云业务转型加速 发布2022股权激励计划，加速布局实景三维中国建设 推出新一期激励计划，完善长效激励机制——公司信息更新报告 加码员工股权激励，考核目标彰显云化转型信心
华铁应急,高机租赁翻倍增长，疫后盈利有望提速 高空作业平台租赁收入维持高增长，轻资产运营持续推进 疫情阶段扰动，经营质量持续改善 中报符合预期，行业红利期看好2H22业绩提速 高空作业平台持续高景气，轻资产模式下设备规模快速扩张
华大九天,国内EDA龙头企业，受益于国产化推进 国产EDA工具领军企业 国产突破华年，大鹏展翅九天 本土EDA巨头正在崛起（“智”造TMT系列之二十暨EDA系列之三） EDA国产之巅，唯一国家队十年造梦全球龙头
科伦药业,再合作MSD签订9亿美元大单，创新兑现持续超预期 与MSD达成第二项ADC合作，创新技术平台价值凸显
江山欧派,经销商渠道快速推进，项目产能加速释放 工程直营承压，工程代理和经销商渠道高增 经销商渠道快速推进，项目产能加速释放 零售渠道拓展稳步推进，22H1盈利能力短期承压 22H1业绩暂承压，控本节流下有望改善 渠道优化稳步推进，经销商及代理商渠道收入高增 经营暂承压，渠道转型渐显效 工程直营业务承压，渠道转型成效渐显 新零售渠道快速增长，H2收入增长弹性可期 短期盈利调整，款清业务占比提升 渠道转型快速推进，盈利能力阶段性调整 渠道变革持续深化，新零售业务营收毛利双提升 基数压力释放，零售渠道值得期待 工程直营承压，渠道变革提速 22Q2毛利率环比改善，渠道结构持续优化
中控技术,新产品重磅发布，智能运行管理与控制系统引领行业 下游维持高景气，公司业绩快速增长 订单释放加速，半年报超预期 中报业绩超预期，持续彰显技术实力 业绩高增长，盈利能力提升——公司信息更新报告 上半年业绩预告大超预期，管理变革效果凸显 业绩超预期，工业软件延续高增长趋势 2022H1实现快速成长，行业景气度有望维持 半年度业绩符合预期，看好国际市场拓展 业绩超预期，流程智能制造龙头迎加速成长机遇 22Q2业绩超预期，需求强劲 业绩增长超预期，下游需求景气向上，产品谱系进一步完善 业绩超市场预期，行业龙头发展加快 1H22业绩预告超预期；产业景气业务扩张共振 22Q2业绩再超预期，行业高景气下龙头持续进击 业绩实现快速增长，国际市场取得突破 半年报预告业绩超预期，产业景气度持续高企 业绩增速超越预期，下游景气度回暖需求旺盛
新大正,业绩稳健外拓强劲，长期竞争力有望提升——2022年半年报点评 收入业绩高质量增长，运营能力持续领跑 业绩高速增长，多业态发展强劲——2022年半年报点评 保持高速成长，完善城市公司激励 疫情下收入业绩高增，外拓取得优良成果 上半年外拓积极，全年业绩料稳健兑现 新拓展保持积极，二季度业绩提速
密尔克卫,22Q2归母净利＋61％，物贸一体化亮眼 第二曲线日益明朗 H1归母净利同增60％以上，兼具韧性和成长性
中信证券,控股股东变更，加速资源整合
中国铁建,逆流稳进基建定基调，利剑出鞘能源环保开新章 Q2新签增45％超预期彰显央企优势，估值近十年新低待重估 22q2新签全面提速，关注估值修复机会
盛新锂能,业绩超出预告上限，下半年锂盐或增量产出 冶炼产能快速提升，期待自有资源释放
天合光能,渠道优势制胜，产业链横纵延伸 纵横捭阖，大有可为 各环节盈利持续向好，看好下半年量利双升 营销为王，差异化竞争下的组件领导品牌
迪阿股份,专注婚恋钻饰赛道，独特内涵助力品牌突围
三安光电,Mini_LED需求放量，集成电路业务迈上新台阶
心脉医疗,定增开启，助力发展 发布定增公告，创新研发和产能扩建加速进行 新一期定增预案公布，扩大产能及研发布局 25亿再融资项目发布，有望全面提升血管介入综合竞争力
远兴能源,资产重组顺利推进，天然碱项目未来成长可期
善水科技,染料中间体及农、医药中间体生产企业，扩能＋新产品助力企业成长
上海机场,亏损大增，但优势不减 二季度疫情冲击严重，亏损扩大符合预期 上海疫情冲击下Q2预亏7.2-7.8亿元，业绩符合预期
复星医药,45亿定增落地，创新药、原料药发展添动力 独家商业化首个国产新冠口服药，有望获得可观收益 获得阿兹夫定独家商业化权益，新冠领域多方位布局 签约获得首家国产新冠药物商业化权利，丰富新冠产品线 合作真实生物，首个国产新冠口服药商业化启航 阿兹夫定独家，看好创新兑现
华鲁恒升,荆州扩能煤气化平台，延伸布局新材料产业 二季度业绩符合预期，疫情拖累部分产品景气回落，销售策略调整抵御经营风险 业绩预告超预期，无惧短期价差波动 业绩同比延续增长，新基地、新项目保障公司高成长 二季度业绩符合预期，新项目顺利推进成长空间大 22Q2业绩超预期，中长期成长可期 22Q2业绩超预期，中长期成长可期 22Q2业绩超预期，中长期成长可期
中国中铁,22q2新签降速，增长质量、弹性、活力均值得期待 基建主业破浪立潮头，第二曲线扬帆正当时
用友网络,企业级服务龙头，乘云之风腾飞 企业级服务龙头，乘云之风腾飞 企业级服务龙头，乘云之风腾飞 YonBIP加速进化，分层经营、成长可期 云转型助力大客户市场突破，平台化生态造就第二成长曲线 云＋软件业务预计同比增长18％－20％，单Q2实现盈利 “云＋软”维持良好增长，关注“强产品”战略成果 主营略超预期，H2提速在即 云＋软件业务预计同比增长18％－20％，单Q2实现盈利 疫情下Q2实现盈利，持续加大研发投入 疫情下业务进展良好，云与软件业务快速增长 中报预告业绩略超预期，下半年新品值得期待
广汇物流,“西部大秦”随“疆煤外运”而风起，扶摇直上
嘉诚国际,粮草充沛，保障未来跨越式成长！ 合同落地，大客浮出水面，嘉诚厚积薄发
杭氧股份,中标光伏制氢首个氢氧压缩机项目，彰显大国重器 工业气体龙头护城河稳固，“授之渔”转型“授之鱼”迎来发展契机 成长路径 杭氧、沈鼓强强联合，推动工业气体持续国产替代
明月镜片,披露三个月临床进展，看好长期高品质发展潜力 离焦镜临床进度发布，彰显产品力信心 轻松控阶段性临床结果发布，眼轴长度控制效果显著 3个月临床研究表明佩戴轻松控可延缓儿童眼轴增长1／3
天马科技,立足饲料布局鳗鱼，成长空间不断打开
龙竹科技,2022H1业绩向好，吸管等前序竹展开产线已试产
Pien,2Q22_growth_slowdown_due_to_COVID，2022_earnings_to_stabilize
嘉和美康,电子病历行业龙头，数据中心和专科电子病历有望成为第二增长极
古井贡酒,次高端结构升级，徽酒龙头后百亿时代来临 高估值下的三重挑战 加速全国化，奋进双百亿 消费回补明显，披荆斩棘向前
濮阳惠成,公司上半年净利润预计同比大幅增长，风电等应用推动顺酐酸酐衍生物需求持续增长 股权激励振奋人心，顺酐酸酐空间广阔 公司上半年净利润预计同比大幅增长，风电等应用推动顺酐酸酐衍生物需求持续增长
伟星股份,预计订单环比向好，需求基本盘＋份额提升提振Q3预期 长风破浪会有时，辅料龙头的求变与突围之路 扩产提效、稳步前行，辅料龙头意在全球
新大正点,项目拓展积极，业绩增速保持高位
移为通信,盈利能力改善，在手订单充沛 海外市场出货恢复，预计下半年加速成长 单季度业绩环比高增，全年业绩有望边际改善 Q2盈利创历史新高，下半年增长动能充沛 半年度业绩稳步增长，多领域布局盈利能力有望持续改善 Q2环比改善明显，在手订单充足未来可期 Q2毛利率环比改善，在手订单丰沛 毛利率净利率环比改善，在手订单达5.8亿元 盈利能力有效改善，看好下半年业绩释放 Q2业绩高增长，毛利率有望持续回升
安琪酵母,产能扩张突破收入瓶颈，盈利周期已至底部
珀莱雅,践行大单品策略、品牌矩阵成型，业绩稳增符合预期 疫情等不利因素冲击下，二季度营收仍维持较好表现——公司信息更新报告 公告22Q2归母净利同增15－22％，大单品战略持续抢占消费者心智，品牌力认可再下一城 大单品策略成效显著，短期利润扰动不改长期向好预期 业绩持续高增，“大单品”强者恒强 业绩逆势稳健增长，渠道及产品共驱健康发展 二季度经营数据符合预期，大单品战略效果持续显现 预告Q2收入同增25％－35％，618领跑国货美妆排行 618驱动收入高增，防晒产品影响利润率 618销售领跑国货美妆，Q2营收业绩稳定增长 单品接力，逻辑强化 22Q2业绩表现亮眼，国货品牌成长加速 22Q2顶住压力，继续出色发挥 中报预告符合预期，618各平台表现亮眼 疫情下收入快增、防晒减值略拖累业绩表现
华熙生物,功能性护肤延续高增，业绩增长略超预期 功能性护肤品业务高增，盈利能力持续改善 护肤四大品牌接力成长，精细运营助力增效 产业链一体化布局，共驱未来持续向上 2022H1疫情冲击下，仍实现较快收入增长——公司信息更新报告 功能护肤高增，业绩超预期 功能护肤高增，业绩超预期 功能护肤高增，业绩超预期 Q2护肤品仍有高增，利润率逐季提升趋势显现 扣非净利同增34％，业绩略超市场预期 经营提质增效，助力Q2业绩持续改善 22H1业绩超预期，看好优质龙头业绩兑现 功能性护肤品领跑，利润持续释放 护肤品收入高增，盈利能力持续提升 护肤品延续高增，盈利能力向好 护肤品业务持续靓丽，22年中报业绩超预期 疫情下业绩稳健增长，功能性护肤品业务持续强劲 Q2护肤品业务持续高增，收入及业绩强劲增长 化妆品业务逆势增长，整体业绩增长超市场预期 预告22Q2扣非归母净利yoy＋36.41％超预期，功能性护肤板块持续验证市场转化及盈利能力 功能性护肤品延续高增，医疗终端业务有望边际改善 功能性护肤品持续放量，上半年营收快速增长 Q2业绩超预期 功能性化妆品高增，净利率降幅收窄 为什么我们认为当下市场存在预期差？
济川药业,二季度疫情影响收入微降，下半年有望企稳回升 短期疫情影响，看好下半年恢复
华海清科,22H1业绩超公司指引，Q2延续高成长 国产唯一半导体CMP设备量产供应商，21H1收入利润超预期 中报超指引，营收净利维持高增 成长动能充足，H1业绩超预期 22H1收入和利润超预期，持续看好公司利润率曲线上行 充分把握市场机遇，业绩持续大幅增长 1H22业绩大幅增长并好于预期 业绩好于先前指引，略超市场预期 国产CMP设备龙头，成长动力充足——公司首次覆盖报告 国内CMP设备领先供应商，业务向耗材、晶圆再生领域持续拓展
贵州茅台,改革红利持续释放，局部疫情未扰稳健增长 品牌力再提升，改革全面提速 Q2延续高增趋势，改革潜力逐步释放——公司信息更新报告 Q2业绩符合预期，改革深化效果显现 二季度显经营韧性，改革推动增长加速 稳健增长韧性十足，深化改革砥砺前行 二季度保持稳定增长，十四五业绩有望提速 二季度经营数据基本符合预期，改革持续推进 改革持续落地促茅台加速发展 半年度收官，彰显龙头风范——2022年H1主要经营数据公告点评 半年度收官，彰显龙头风范——2022年H1主要经营数据公告点评 半年度收官，彰显龙头风范——2022年H1主要经营数据公告点评 五合营销下，跑起来的速度 业绩符合预期，实力与动力兼具 上半年为完成全年目标任务奠定坚实基础 中报业绩显韧性，直营体系构建和系列酒增长显亮点 市场化改革持续发力，Q2延续加速势头 无惧疫情冲击，新产品和新渠道发力，不确定环境下的确定品种 茅台上半年经营数据公告点评－Q2符合预期，Q3环比同比加速可期 上半年实现稳健增长，增长势能延续 评级 22Q2实现稳健增长，i茅台贡献业绩增量 收入利润符合预期，市场化改革持续推进 业绩凸显确定性，产能扩建提供长期保障 上半年经营表现稳健，持续看好改革红利释放 有序改革，全年锚定20％利润增速 业绩符合预期，上半年可圈可点 茅台加速增长的源泉在哪里－茅台改革专题研究
宝立食品,复调稳中有升，轻烹速食打开空间 定制西调引领者，方便速食加速放量 复调速食齐头并进，多点花开可期 方便速食冲锋，定制西调称王 深耕西餐产业，品牌抬升空间 津津味出“宝立”手，陈陈香腾千万家
和元生物,深耕基因治疗外包行业，国内CGTCXO领跑者
新益昌投,LED固晶机龙头受益Mini_LED增长，布局半导体打开更大市场
深圳机场,厚积薄发，期待复苏
东方精工,Fosber订单充足，瓦楞纸包装设备龙头营收有望稳步增长
白云机场,乌云暂覆，白云必归
容知日新,22H1归母净利润同比增长84％，大力拓展石化冶金水泥行业 业绩持续高增长，工业智能运维龙头地位凸显 1H22净利润同比＋84.3％，盈利能力或将企稳 H1业绩高增，行业分布更为均衡 工业行业拓展顺利，业绩超预期 营收高增延续，第三方PHM龙头强者愈强 跨行业拓展顺利，营收、净利高速增长 从PHM系统体系理解公司α
裕同科技,多元化业务步入收获期，盈利拐点初步验证 拟收购华宝利电子，平台优势凸显 收购优质消费电子标的，3C业务边界持续拓展——公司信息更新报告 拟收购华宝利电子60％股权，发挥客户协同效应 并购声学类领先制造商华宝利，深化消费电子产业布局 拟收购华宝利拓宽业务边界，盈利能力拐点可期 收购华宝利60％股权，业务矩阵再延展 收购华宝利，从包材延申至产品，一体化服务能力再强化 收购华宝利电子，切入声学机器人领域，业务版图再扩张 收购华宝利电子60％股权，消费电子布局再延展 拟收购华宝利60％股权，业务边界持续拓宽 收购消费电子优质标的，产业协同有望提升竞争力
联泓新科,Q2业绩创新高，平台化发展持续推进 光伏级EVA龙头，立足一体化产业链打造新材料矩阵 二季度业绩创新高，下半年看好EVA持续高景气 2Q利润创季度新高，看好EVA景气持续 Q2业绩创季度新高，新材料布局赋能成长 光伏高景气EVA量利齐升，Q2业绩创历史新高 业绩符合预期，新能源材料、生物可降解材料、电子特气领域逐步布局 EVA粒子龙头受益光伏需求爆发，新材料平台前景广阔
际华集团,扎实改革蓄力发展，军需品龙头修复可期
睿昂基因,血液病领域领先企业，技术积淀促业务多元发展
爱美客投,医美赛道长期主义的践行者
北斗星通,权转让影响并表数据，业绩符合预期
优宁维深,国内生命科学研究综合服务商
赛腾股份,消费电子＋半导体设备齐发力，盈利能力预期改善
百傲化学,单季度业绩重回历史高位，三期项目如期投产
百利科技,收购负极材料设备商，完善锂电领域布局——锂电设备系列报告
联创电子,车载摄像头量价齐升，公司护城河不断加深
江丰电子,国内靶材龙头，进军半导体零部件领域——海外硬科技龙头复盘研究系列之二 2022H1业绩超预期，成长动力充足——公司信息更新报告 高纯靶材国产先锋，半导体零部件崭露头角
顺网科技,流量及技术积累助公司元宇宙场景落地
北鼎股份,自主品牌增速稳定，业绩有所下滑——2022H1公司业绩快报点评 自主品牌增速稳定，业绩有所下滑——2022H1公司业绩快报点评 自主品牌增速稳定，业绩有所下滑——2022H1公司业绩快报点评 疫情冲击影响盈利 疫情影响营收稳增，费用刚性短期承压 短期疫情扰动明显，长期自主品牌发展不改
南网科技,“储能+”全线布局，智能电网设备乘势而上 发布储能招标超预期 3年5.56GWh储能招标，储能摁下加速键
中国建筑,Q2订单改善好于预期，地产销售额连续两月为正 22h1新签增长有质量有强度，地产回暖信号明显 房建订单增长提速，拿地力度持续加大 6月建筑订单恢复，地产优势有望强化
汇川技术,常态化股权＋长效激励，助力龙头再次腾飞
创维数字,VR全新品牌发布，C端运营转型正式启程 发布VR新品PANCAKEXR，性能弯道超车 机顶盒＋宽带稳固基本盘，元宇宙＋汽车打造增长新曲线
国能日新,新能源发电功率预测市场的领军，多点布局打开成长空间
隆利科技,Mini_LED背光产品放量在即，驱动业绩底部反转 车载显示和VR双轮驱动，公司步入高质量增长期
天目湖,深耕优质旅游目的地，优化产品布局疫后恢复 夜公园有望带动客单再提升，看好疫后业绩弹性空间
德龙激光,国产激光精密加工先驱，突破激光巨量转移技术
新大陆,数币产业联盟核心地位确立，收单与设备业务均有望加速
慕思股份,床垫龙头扬帆远航，品牌领先强者恒强
中科曙光,预计前三季度海光业绩增速392％＋，信创高景气持续
壹石通,疫情影响Q2出货，全年业绩有望高增
华侨城A,武汉项目十年路，襄阳再绘新蓝图
时代电气,电驱动系统与功率器件双轮驱动，新兴业务高速增长 Q2业绩符合预期，新能源发力正猛 新兴装备业务发力，公司业绩稳步增长 业绩预告符合预期，IGBT芯片及汽车电驱推动新兴业务高速发展 2022上半年维持高增长，电车配套业务蓬勃发 新能源业务高增，业绩符合预期
长春高新,完成股权激励首次授予，增长确定性再提升
比音勒芬,产品升级，快速成长 逆境下增长好于行业，看好业绩韧性 6－7月零售强势复苏，全年成长持续领跑 预计六七月销售环比强劲，定位优势显著，高端运动龙头继续领跑
台华新材,国产己二腈投产在即，上游切片降价预期增强 国产己二腈投产在即，上游切片降价预期增强 国产己二腈投产在即，上游切片降价预期增强 演绎切片降价预期，PA产业链成本或逐步进入下行通道
东威科技,解决锂电池自燃，设备龙头爆发 业绩增速快于营收，持续看好公司中长期发展 不惧疫情业绩超预期，受益复合铜箔产业化 复合铜箔产业化加速，电镀设备龙头成长性不断验证 PET铜箔产业化曙光初现，设备龙头蓄势待发
人福医药,高质量内生增长的麻醉细分领域龙头——公司深度报告
好利科技,新能源领域快速增长，“XYZ”战略布局GPU
芯碁微装,PCB直写光刻高速增长，泛半导体设备放量可期 PCB直写光刻高速增长，泛半导体、光伏设备放量可期 受益下游高景气及国产替代，直写光刻设备龙头加速成长
藏格矿业,受益于钾锂景气持续22H1业绩大增，锂盐资源布局行业领先
海波重科,深耕桥梁钢结构，探索数字化转型升级
中牧股份,养殖后周期全覆盖，迈出市场化改革新步伐
Q2酒类,酒类行业2022年中报业绩前瞻暨基金持仓分析 酒类行业2022年中报业绩前瞻暨基金持仓分析 酒类行业2022年中报业绩前瞻暨基金持仓分析 酒类行业2022年中报业绩前瞻暨基金持仓分析 酒类行业2022年中报业绩前瞻暨基金持仓分析 酒类行业2022年中报业绩前瞻暨基金持仓分析 酒类行业2022年中报业绩前瞻暨基金持仓分析 酒类行业2022年中报业绩前瞻暨基金持仓分析 酒类行业2022年中报业绩前瞻暨基金持仓分析 酒类行业2022年中报业绩前瞻暨基金持仓分析 酒类行业2022年中报业绩前瞻暨基金持仓分析
食品板块,从蹒跚前行走向昂扬上行
鼎捷软件,聚焦优势行业经营，区域裂解支撑业绩稳增 营收增速稳健，中国大陆地区下半年有望提速 高景气维持，工业软件细分领域加速 1H22业绩符合预期，全年展望实现持续性增长 全面深耕大陆市场，领跑智能制造赛道 业务实现稳健增长，聚焦优势行业客户 收入稳健增长，工业富联协同效应值得期待——公司信息更新报告 “智能＋”战略下四大业务协同发展，大陆市场高增可期
东北地产,成交端新房回落、二手上升，郑州地产与河南资管计划设立纾困基金 统计局发布6月房地产数据，7月前2周新房成交面积略超上月同期 统计局发布6月房地产数据，7月前2周新房成交面积略超上月同期
22Q2,白酒大幅加配，食饮板块整体超配比例明显增加
电子行业,关注成本改善型企业的利润弹性 关注成本改善型企业的利润弹性 三星折叠新机已通过FCC认证，即将发布 三星折叠新机已通过FCC认证，即将发布
商贸零售,2Q22公募基金持仓分析
普源精电,国产科学仪器龙头，自研芯片扩大发展优势 夏季新品发布会召开，注入成长新动能 “半人马座”芯片组发布，技术、成本优势扩大 “半人马座”芯片赋能，市场份额有望提升
Quec,GPM_improved_in_2Q22；ample_orders_fuel_sustained_earnings
Nanj,Conventional_businesses_posted_strong_growth_despite_COVID－19
航发动力,交付加速，谱系拓展，航发龙头迎来向上发展拐点 航发“双增长”、动力“加速度”
龙芯中科,自主创新最彻底国产CPU，构建独立生态迎产业良机
招商南油,成品油运景气上行，招商南油开启改善周期
新兴铸管,铸管行业龙头企业
申能股份,电量受疫情拖累，市场化交易助推电价如期提升 平山二期投产，新能源维持高增长 平山二期投产，新能源维持高增长 平山二期投产，新能源维持高增长 疫情冲击在沪机组，风光高增趋势不改 上海区域核心综合能源供应商
中国船舶,整合加速＋景气上行
泸州老窖,产品线布局逐渐清晰，多产品共振提速发展
征和工业,链传动行业隐形冠军，工业链市场逐步开拓
建筑材料,行业需求淡季，关注新材料板块机会 行业需求淡季，关注新材料板块机会 行业需求淡季，关注新材料板块机会 行业需求淡季，关注新材料板块机会 行业需求淡季，关注新材料板块机会 行业需求淡季，关注新材料板块机会 行业需求淡季，关注新材料板块机会 行业需求淡季，关注新材料板块机会 行业需求淡季，关注新材料板块机会 行业需求淡季，关注新材料板块机会 行业需求淡季，关注新材料板块机会 行业需求淡季，关注新材料板块机会 行业需求淡季，关注新材料板块机会 行业需求淡季，关注新材料板块机会 行业需求淡季，关注新材料板块机会 行业需求淡季，关注新材料板块机会 行业需求淡季，关注新材料板块机会 行业需求淡季，关注新材料板块机会 行业需求淡季，关注新材料板块机会 行业需求淡季，关注新材料板块机会 行业需求淡季，关注新材料板块机会 行业需求淡季，关注新材料板块机会 行业需求淡季，关注新材料板块机会 行业需求淡季，关注新材料板块机会 行业需求淡季，关注新材料板块机会 行业需求淡季，关注新材料板块机会 行业需求淡季，关注新材料板块机会 行业需求淡季，关注新材料板块机会 行业需求淡季，关注新材料板块机会 行业需求淡季，关注新材料板块机会 行业需求淡季，关注新材料板块机会 行业需求淡季，关注新材料板块机会 行业需求淡季，关注新材料板块机会 行业需求淡季，关注新材料板块机会 行业需求淡季，关注新材料板块机会 行业需求淡季，关注新材料板块机会 行业需求淡季，关注新材料板块机会 行业需求淡季，关注新材料板块机会 行业需求淡季，关注新材料板块机会 行业需求淡季，关注新材料板块机会 行业需求淡季，关注新材料板块机会 行业需求淡季，关注新材料板块机会 行业需求淡季，关注新材料板块机会 行业需求淡季，关注新材料板块机会 行业需求淡季，关注新材料板块机会 行业需求淡季，关注新材料板块机会 行业需求淡季，关注新材料板块机会 行业需求淡季，关注新材料板块机会 行业需求淡季，关注新材料板块机会 行业需求淡季，关注新材料板块机会 行业需求淡季，关注新材料板块机会 行业需求淡季，关注新材料板块机会 行业需求淡季，关注新材料板块机会 行业需求淡季，关注新材料板块机会 行业需求淡季，关注新材料板块机会 行业需求淡季，关注新材料板块机会 行业需求淡季，关注新材料板块机会 风电用碳纤维增长有望提速；继续推荐品牌建材细分龙头 银保监会引导风险处置，6月地产销售降幅收窄
食品饮料,白酒具备韧性，食品明确底部 多重因素催化，重视Q3啤酒板块的投资价值 多重因素催化，重视Q3啤酒板块的投资价值 白酒板块回暖主旋律，集中进行时 餐饮供应链 餐饮供应链 餐饮供应链 2季度消费场景受冲击较大，6月所有改善 2季度消费场景受冲击较大，6月所有改善 2季度消费场景受冲击较大，6月所有改善 2季度消费场景受冲击较大，6月所有改善
永冠新材,胶带成本端减压，新产线贡献增量
复苏仍是,2022年食品饮料行业夏季策略会与调研反馈
旺能环境,布局动力电池资源化利用，打造固废综合治理平台 锂电回收后再布局再生橡胶，再生资源打开二次增长曲线 收购南通回力，借力大股东资源布局再生橡胶 收购南通回力布局再生橡胶，进一步完善资源再生产业链
英维克,股权激励正式授予，储能温控加速成长
中国铝业,电解铝巨头呼之欲出，补齐绿电短板
中国中免,Q3基本面拐点确立，盈利改善＋产能扩张有望释放成长动力 新旗舰项目开业在即，再议中免长期投资价值
中泰周期,周期品周度运行变化——第78期
圆通速递,创新求变，信息赋能，前景可期 职业化、数字化、一体化，行业新阶段圆通有望从优秀到引领 放下成见复盘十年变迁，快递元老重回优秀 快递竞争力提升，多元化布局丰收 业绩稳步向前，成长持续兑现
京沪高铁,从成长性和未来产能约束出发 旅客发送量大幅下降，未来有望逐步恢复
喜临门深,三十余载奋斗精进，鉴机识变行业领先
华翔股份,黑金零部件铸造领军者，多重优势凸显加速成本优化
国芯科技,业绩高增，积极把握汽车电子发展机遇
拓荆科技,薄膜沉积设备拨云见日，国产化先行者如日方升 PECVD设备龙头，国产替代迎来发展机遇 薄膜沉积国内领先供应商，受益国产替代快速成长
白酒全年,食品饮料二季度前瞻暨板块最新观点 食品饮料二季度前瞻暨板块最新观点
房地产行,新房成交同比降幅收窄；郑州成立地产纾困基金 7月销售回暖趋弱，二季度公募地产持仓下降 7月销售回暖趋弱，二季度公募地产持仓下降
国泰君安,顺势而为，力求突破
天孚通信,“光引擎＋激光雷达”打造成长第二极 全球IDC建设需求旺盛，看好全年业绩 H1业绩超预期，环比稳步向上，高速光引擎与激光雷达有望持续放量 业绩好于市场预期，下半年有望实现加速增长 业绩符合预期，数通领域需求构筑增长驱动力 全球IDC建设需求旺盛，看好全年业绩 业绩略超预期，同环比持续保持增长趋势 季度营收新高，环比趋势确立——2022年中报业绩快报点评 季度营收新高，环比趋势确立——2022年中报业绩快报点评 季度营收新高，环比趋势确立——2022年中报业绩快报点评 光引擎持续放量，激光雷达顺利突破 数通需求持续旺盛，下半年激光雷达有望突破 环比增长趋势确定，激光雷达业务放量可期 季度收入创新高，数通需求高景气，新产品持续上量 业绩符合预期，新品有望持续放量
盈峰环境,环卫装备绝对龙头，环卫服务高速增长
TCL中,光伏和半导体双轮驱动，先进产能持续强化核心竞争力
伟明环保,布局三元材料一体化，垃圾焚烧龙头转型进行时
美的集团,多元协同的完美体现，向综合性科技集团迈近——2022年7月23日美的医疗发布会点评
盛路通信,实控人全额认购非公开发行彰显发展信心
松井股份,3C涂料引领者，切入乘用车涂料成长可期
恒铭达公,消费电子技术壁垒优势显现，新能源业务未来可期
新宝股份,22Q2归母净利润增长100％＋，外销利润率恢复 盈利能力强劲修复 Q2表现亮眼，业绩超市场预期 22Q2归母净利润增长100％＋，外销利润率恢复 内销拉动叠加人民币贬值，2022Q2业绩超预期增长——公司信息更新报告 业绩超预期，盈利能力持续修复 中报业绩超预期，盈利能力修复＋汇兑收益贡献利润弹性 二季度业绩超预期，下半年盈利修复仍可期 Q2业绩超预期，加码自主品牌实现多元发展 二季度利润翻倍增长，盈利快速改善 业绩超预期释放弹性，自主品牌增长改善
西部矿业,玉龙量价齐升业绩同比增长，期待盐湖提锂放量 铜版块量价齐增，盐湖提锂贡献业绩 铜精矿量价齐升，业绩同比稳步增长
长江电力,国之重器，价值标杆
晶晨股份,基本盘稳健，产品线拓宽助力成长 业绩逆势高增，龙头地位稳固——中小盘信息更新 半年度业绩预告高增长，新产品预期下半年陆续量产 中报业绩符合预期，AI－IPC和WiFi－6新品上市打开成长空间 多元产品线和优质客群穿越下行周期 全球化和多元化助力二季度业绩再创历史新高 业绩符合预期，客户优质分散助力业绩高速增长
天岳先进,签订重大合同，导电型SiC衬底持续突破 国内SIC衬底龙头厂商，重大合同签订彰显公司产品力 导电型碳化硅衬底获长单销售合同 斩获6英寸导电型碳化硅衬底大额长单 公司签订重大合同，市场影响力不断增加
新洋丰,化肥景气延续上行，公司新能源材料布局再加码
明泰铝业,布局新能和消费，铸第二成长曲线
南方电力,公用环保行业周报
苏泊尔,出口导致Q2收入下滑，利润率同比改善——2022年中报业绩快报点评 出口导致Q2收入下滑，利润率同比改善——2022年中报业绩快报点评 出口导致Q2收入下滑，利润率同比改善——2022年中报业绩快报点评 海外需求疲软，公司业绩承压 盈利持续改善，Q2出口短期承压 外销承压收入下滑，盈利持续改善 短期营收承压，盈利有所改善 海外需求扰动致外销短期承压，盈利能力同比改善——公司信息更新报告 Q2盈利能力持续改善 疫情扰动销售短期承压，渠道改革有序推进 短期外销受宏观扰动，内销新兴渠道加速发展 Q2外需有所承压，内销表现稳健 Q2收入短期承压，盈利能力同比提升 短期疫情扰动，静待需求回暖
蓝黛科技,受益汽车智能电动化浪潮，公司传动业务高速增长！
国信通信,工业通信 工业通信
建筑行业,关注建筑板块中报行情，业绩预亏企业数量稍多
瑞芯微,万物互联时代，高端化、平台化的SoC龙头公司
润建股份,业绩持续成长，管维龙头“风光储”订单持续落地
捷佳伟创,中标头部客户项目，Pe－Poly提速 成功中标头部客户PE－Poly路线TOPCon项目订单，技术转向PE公司将显著受益 PE－POLY设备又下一城，确定性持续增强 获头部客户订单，TOPCon设备大有可为 TOPCon设备获头部客户订单；量产型钙钛矿电池核心装备出货 PE－Poly获头部客户订单，下半年有望迎来收获期 TOPCon设备龙头，PE－Poly再次中标头部客户 TOPCon趋势确立，PE－Poly提速
派克新材,高端环锻件龙头，受益航空航天、风电高景气 收入利润快速增长，锻造行业高景气持续兑现 中报业绩大增62％；航发产业链持续高景气 高端锻件核心供应商；大型模锻件有望开启第二成长曲线 航空航天订单充足，业绩保持高速增长 航空航天订单充足，业绩保持高速增长 航空航天订单充足，业绩保持高速增长
三人行,疫情下业绩稳定增长，新客户拓展有序进行 Q2扣非增速高于Q1，淡季不淡体现突出竞争力 存量深挖与增量拓展齐头并进，疫情难挡业绩高增速 22H1快报符合预期，数字交易平台落地可期 成功拓展头部汽车客户，外延式发展未来可期
奥特维,频签大额订单，构筑业绩增长有力保障
海泰新能,光伏组件“小巨人”，向下游光伏电站运营商拓展
电力设备,国内和海外储能需求火爆，新能源汽车旺季来临 国内电动车需求旺盛，风光景气度持续旺盛 关注锂电创新性技术，锂资源短期缺口难补 2022年中期投资策略－锂电篇 2022年中期投资策略－锂电篇 2022年中期投资策略－锂电篇 国内电动车销量同比翻倍增长，风光景气度持续旺盛 国内电动车销量同比翻倍增长，风光景气度持续旺盛 国内电动车销量同比翻倍增长，风光景气度持续旺盛 国内电动车销量同比翻倍增长，风光景气度持续旺盛 海外户储需求火爆、电动车销量旺季来临 国内电动车销量同比翻倍增长，风光景气度持续旺盛 国内电动车销量同比翻倍增长，风光景气度持续旺盛
鲁商发展,化妆品业务维持高速成长 强产业链＋精细营销，行业变革期不改高增态势 疫情下化妆品收入延续高增，原料增长提速 化妆品营收高增，原料稳健向好 化妆品营收高增，原料稳健向好 化妆品营收高增，原料稳健向好 践行战略转型，化妆品业务景气度延续
华能水电,量价齐升叠加财务费用优化，22年H1业绩同比＋42.6％ 营收成本双优化，上半年业绩加速成长 开源节流，Q2业绩超预期 开源节流，Q2业绩超预期 开源节流，Q2业绩超预期 量价齐升叠加财务费用下降，推动利润高速增长 量价齐升叠加财务费用节省，助推业绩高增 水电电价有望提升，新能源打开新成长空间
羚锐制药,营销改革＋品种多元，中药贴膏龙头行稳致远
新集能源,煤电一体化，稳健的华东区域动力煤龙头——公司首次覆盖报告
仙鹤股份,多品类布局构筑核心优势，产业链延伸打开长远空间 8月再提价，盈利修复趋势明确 Q2环比改善，看好盈利企稳向上
郑煤机,从非一致预期到共识形成，汽车板块如何演绎？ 拟参股布局高端轴承，新能源驱动电机进展顺利 拟出资3.87亿元参与洛轴公司混改，培育新的利润增长点
绝味食品,二季度业绩承压，下半年望改善 利空落地，改善可期，中长期配置价值显现 如何看待绝味的成长空间及投资机会？ 开店进程不减，看好疫后同店恢复性增长 成本压力凸显，改善复苏可期——中期业绩预告点评 成本压力凸显，改善复苏可期——中期业绩预告点评 成本压力凸显，改善复苏可期——中期业绩预告点评 疫情影响下利润端压力释放，战略清晰看好未来弹性 22Q2经营表现承压，看好疫后复苏弹性 靴子落地，轻装上阵 共克时艰，砥砺前行 上半年盈利承压，静待下半年边际改善 2022上半年预计归母净利润0.9－1.1亿元，看好后续业绩持续改善 疫情冲击业绩不及预期，加速开店逆势提份额
腾景科技,高可靠性光学核心公司，激光雷达元件和车载镜头塑造新成长
内蒙华电,业绩符合预期，新能源与煤炭产能共进——1H22业绩快报点评 业绩符合预期，新能源与煤炭产能共进——1H22业绩快报点评 业绩符合预期，新能源与煤炭产能共进——1H22业绩快报点评 煤电联营优势显著，业绩稳健行稳致远
中天科技,清洁低碳新征程，双碳赛道主力军 清洁低碳新征程，双碳赛道主力军 清洁低碳新征程，双碳赛道主力军 业务结构持续优化，净利率显著提升 中标大额海洋系列项目，下半年招投标催化不断 海缆斩获国内外大订单，储能业务打开新空间 中标23亿大单，海洋板块成长动能充足 22年上半年业绩符合预期，中标大型项目储能业务打开成长空间 中标近二十三亿海洋项目，业绩兑现加速成长 业绩预告基本符合预期，风光储业务加速发展 各业务向好趋势不变，海风新能源成长空间广阔！ 业绩符合预期，海洋高增长，储能拐点已至
中航沈飞,陆海并进叠加改革增效，歼击机龙头迎来二次放量拐点
建筑装饰,如何看建筑央企二季度签单加速？ 如何看建筑央企二季度签单加速？ 如何看建筑央企二季度签单加速？ 如何看建筑央企二季度签单加速？ 如何看建筑央企二季度签单加速？ 专项债统计更新
通信行业,光纤光缆升级提升，数字中国全面启动 光纤光缆升级提升，数字中国全面启动 卫星通信意义重大，中国“星链”将冉冉升起──行业深度报告 数字人民币加速落地，海洋数字经济发展步伐加快 数字人民币加速落地，海洋数字经济发展步伐加快 数字人民币加速落地，海洋数字经济发展步伐加快
汽车电子,智能电动车渗透率创新高，板块催化剂不断
农林牧渔,粮食危机未去，种业与种植业投资价值不减 粮食危机未去，种业与种植业投资价值不减 粮食危机未去，种业与种植业投资价值不减 粮食危机未去，种业与种植业投资价值不减 粮食危机未去，种业与种植业投资价值不减
甘源食品,新品持续发力，新渠道增亮点
立华股份,股权激励彰显信心激发动力，黄鸡反转行情下维持重点推荐 黄鸡周期上行，激励彰显长期信心 股权激励彰显信心，景气提升长期发展向好
英杰电气,守正出奇，电力电子领域的隐形冠军
东华测试,上半年业绩超预期，PHM和电化学工作站带来新成长
天地科技,龙头之姿，引领“无人下井”采煤新时代
复旦微电,业绩持续高增长，上调盈利预测 Q2业绩持续高增，FPGA引领成长 22H1收入和利润同比大幅增长，各产品线经营势头持续向好 产品结构持续调整，业绩保持高增态势
三棵树,稀缺的本土涂料龙头，长期成长空间巨大
中国海油,增量降本叠加历史性景气，油气巨头乘风而起 油价韧性有望超预期，公司alpha属性突出且估值低位
楚江新材,铜基材料龙头，碳纤维开启第二增长曲线 铜基龙头帆正扬，碳基新星已登场
牧原股份,精进不休，步步为营 业绩环比改善，盈利将受益于周期反转 成本稳步改善，业绩符合预期
乐惠国际,从“1－N”大规模复制开启；鲜啤业务渠道再突破＆鲜酿工坊开业
万通发展,万通盛安获得信通院国际先进评定，卫星互联网领军者持续取得显著成果
中国电建,能源结构转型迎发展新机，投建营一体化打开价值重估空间 新老基建齐发力，Q2新签显著提速 6月订单大增129％，能源电力、水利投资高景气 6月订单大增129％，能源电力、水利投资高景气 6月订单同比翻倍，新老基建齐发力 H1新签订单同比大增，能源电力有望推动业绩高增 6月新签增129％持续超预期，定增获受理发力新能源投资运营 22Q2新签订单同增118％，风光储、抽水蓄能是亮点 新签继续提速，验证成长加速 6月订单高基数下实现高增，彰稳增长实效 新签合同提速，水利能源投资受益
房地产开,郑州设立地产纾困基金，国常会再提平稳健康发展 郑州设立地产纾困基金，国常会再提平稳健康发展
有研新材,国内靶材龙头，产能加速释放助力公司发展
德昌股份,主业盈利修复，车用放量元年 “汽零＋家电制造”双轮驱动，电机优势打开成长天花板 双成长曲线，小家电品类扩张叠加汽零电机崛起 家电＆汽零双驱动，稳健基本盘之上打造增量空间
环保及公,环保板块低交易拥挤度下有望迎来投资机遇，新能源竞配政策规范保障绿电收益率 环保板块低交易拥挤度下有望迎来投资机遇，新能源竞配政策规范保障绿电收益率
中国平安,平安人寿“优＋人才招募计划发布会”点评 曙光初破水，改革始见微
安恒信息,滴滴事件落地，数据安全重要性持续提升
广东宏大,民爆矿服内生与外延并举，大变局下军贸业务可期
潍柴动力,重卡发动机龙头地位稳固，新业务增长空间大 1H22需求不振预告业绩仍显著跑赢行业，龙头有望持续受益后续行业回暖
厦钨新能,聚焦高电压技术，市场份额有望提升 产业链合作深化，前驱体研发升级 产业链合作深化，前驱体研发升级 产业链合作深化，前驱体研发升级 高电压为翼，择三元铁锂高处而立 上半年业绩快报点评 上半年业绩快报点评 上半年业绩快报点评 Q2业绩超预期，单吨盈利大幅提升
聚光科技,对标安捷伦的科学仪器平台，卸下包袱开启新征程 22年员工持股计划发布，全力转型高端业务 员工持股计划草案出台，国产仪器龙头整装启航 发布2022年员工持股计划草案，强化骨干人员绑定
传媒行业,微信视频号广告上线，字节压缩22－23招聘计划 微信视频号广告上线，字节压缩22－23招聘计划 微信视频号广告上线，字节压缩22－23招聘计划 微信视频号广告上线，字节压缩22－23招聘计划 微信视频号广告上线，字节压缩22－23招聘计划 微信视频号广告上线，字节压缩22－23招聘计划 新一批游戏版号下发，王者荣耀海外版开启首测
医药生物,2022Q2医药持仓新低，新一轮机遇会开启么？（附18图） 2022Q2医药持仓新低，新一轮机遇会开启么？（附18图） 2022Q2医药持仓新低，新一轮机遇会开启么？（附18图） 技术升级＋进口替代，国产影像设备行业高速发展 技术升级＋进口替代，国产影像设备行业高速发展 政策底部预期强化，建议长期配置创新龙头 国内API＋制剂新增量──主要API公司第七批集采中标总结
钧达股份,全面转型光伏，TOPCon电池领先量产 电池片盈利超预期，TOPCon新产能逐步开始贡献
太极集团,国药入主焕发新机，老牌药企蓄势待发
均胜电子,安全业务期待改善，汽车电子业务持续获得订单 22Q2业绩显著改善，汽车电子和智能座舱业务打开广阔成长空间 汽车安全＋汽车电子龙头，智能化加速落地
长远锂科,中高镍均衡发力，一体化构筑成本优势
何氏眼科,立足辽宁，发挥视光领域优势布局全国
思特威,卡位安防、机器视觉、汽车CIS高增市场
化工行业,原油高位震荡，制冷剂、PVC价格回升 欧洲成本大增，利好中国化工品出口——2022年7月更新版 欧洲成本大增，利好中国化工品出口——2022年7月更新版 欧洲成本大增，利好中国化工品出口——2022年7月更新版 欧洲成本大增，利好中国化工品出口——2022年7月更新版 欧洲成本大增，利好中国化工品出口——2022年7月更新版
瀚川智能,打开换电设备第二增长极，“1＋N”战略布局扬帆起航
韵达股份,存在预期差的A股加盟快递龙头 韵味已至，达则功成
克明食品,品类拓展结构优化，面条龙头踏步前行
天宜上佳,碳基新贵的“三段击” 下游客户认证顺利，碳基复材持续发力 闸片业务因疫情承压，H2将迎边际改善；热场营收贡献大幅增长
平治信息,围绕运营商客户资源，拟布局分布式储能云业务
中航重机,航空锻造平台型龙头，产业链一体化拓展
医药行业,中药重点标的基本面更新 震荡行情，寻找个股机会 医药政策边际缓和，持续关注中报业绩 医药政策边际缓和，持续关注中报业绩
电子周报,百度第六代无人车兼顾智能化与低成本，ASML新增订单饱满
双良节能,硅片在手订单饱满，还原炉业务有望高增 HJT硅片长单落地，受益硅片环节高景气 销售再签大单，硅片新秀渐露头角 首签N型方锭销售长单，N型拉晶获龙头认可 N型单晶获得突破，业绩弹性将逐步释放 新签异质结订单跻身N型硅片领先供应商行列，石英坩埚采购长单充分保障产能释放 HJT 专用硅锭长单落地， 发展空间获进一步提升
苏博特,短期受益于基建弹性，中长期新材料提供成长性
诺唯赞,生命科学上游平台龙头，国产替代持续加速 业绩符合预期，常规业务强势增长，新冠业务继续贡献增量 常规业务无惧疫情冲击，延续高增长 业绩符合预期，新冠业务推动业绩高速增长 常规业务高增长持续兑现，新冠业务贡献良好业绩
美容护理,化妆品新锐品牌的突围之路——HBN解析 聚焦疫后复苏，把握格局优化下龙头机遇
恒玄科技,短期业绩承压，新产品打开成长空间 短期业绩承压，新产品打开成长空间 短期业绩承压，新产品打开成长空间
诺唯赞2,22H1业绩符合预期，新冠业务持续带来现金流
硅宝科技,新获光伏胶专利，“打擂”高景气赛道 下游行业快速发展，锂电领域逐步布局 有机硅胶行业龙头，硅基负极业务打造全新增长极（更新版） 有机硅胶行业龙头，硅碳负极业务打造全新增长极
万顺新材,业绩预告同比大增，紧抓市场机遇，建设5万吨电池用涂碳铝箔项目
容百科技,全市场覆盖的正极材料综合供应商 从高镍龙头向正极综合龙头迈进 单吨净利提升，Q2业绩超预期
中瓷电子,电子陶瓷外壳“一枝独秀”，碳化硅MOSFET“勇立潮头” 资产重组有序加快推进，碳化硅MOSFET爆发可期
煤炭,需求预期好转，布局良机再现 需求预期好转，布局良机再现 需求预期好转，布局良机再现 需求预期好转，布局良机再现 需求预期好转，布局良机再现 需求预期好转，布局良机再现 需求预期好转，布局良机再现 需求预期好转，布局良机再现 需求预期好转，布局良机再现 需求预期好转，布局良机再现 需求预期好转，布局良机再现
中国黄金,黄金行业龙头，“品牌”＆“渠道”驱动高增
粤水电,传统水利水电龙头，清洁能源发电打造新增长极
鸿路钢构,柳暗花明，行稳致远
宁德时代,宁德时代当下的投资价值在哪里？ 推出激励计划，绑定员工利益，彰显发展信心 股权激励利在长远，福特合作开创北美新局面
聚灿光电,Mini、micro_LED空间广阔，定增扩产加码成长
水井坊公,聚焦核心市场，重塑高端形象
紫金银行,净利润同比增10％，不良率环比大幅改善
鼎阳科技,电子测量仪器翘楚，剑指高端国产替代
春立医疗,冬去“春”来，建功“立”事
鼎胜新材,业绩预告超预期，产销量逐步修复 业绩预告超预期，产销量逐步修复 业绩预告超预期，产销量逐步修复 拟定增扩产80万吨电池铝箔及配套坯料 定增扩产，电池箔放量可期
五粮液,向好趋势不变，全年稳中求进 疾风知劲草，价稳量先行
天融信业,研发投入增速如期放缓，下半年是发力的重点
科锐国际,Q2海外成长加速，国内经营稳健 疫情扰动不改增长韧性，数字化全球化稳步推进 业绩韧性增长，全球化战略持续推进 疫情冲击增速放缓，用户优质仍领先行业 疫情冲击增速放缓，用户优质仍领先行业 疫情冲击增速放缓，用户优质仍领先行业 经营业绩符合预期，疫情不改基本面长期向好 数字转型助力服务升级，业务拓展实现稳增长 全球化战略优势凸显，全产业链生态持续完善 22Q2业绩预增稳健增长，静待国内Q3－4景气回升副标题
启明星辰,疫情暂时承压，与移动的协同效应将逐步显现 发布22H1业绩预告，静待疫情扰动消除
房贷利率,房地产及物管行业周报——2022年W29（2022.7.16－2022.7.22） 房地产及物管行业周报——2022年W29（2022.7.16－2022.7.22） 房地产及物管行业周报——2022年W29（2022.7.16－2022.7.22）
中联重科,发布大额股份回购计划，坚定长期发展信心 大手笔回购彰显长期发展信心，多元化、国际化、电动化齐发力平抑周期波动 拟推出40亿元大额回购计划，行业底部坚定长期发展信心 拟回购股份推进员工持股，彰显发展信心 拟回购A股用于员工激励，彰显长期发展信心 股份回购彰显价值信心 大额回购用于员工持股，长期发展信心充足——工程机械系列报告 大额回购彰显长期发展信心，多元化布局日渐完善 拟最高40亿大手笔回购提振市场信心，看好下半年行业拐点转正 短期业绩有望触底，高机、农机与海外业务将维持较快增长
互联网传,《推进对外文化贸易高质量发展的意见》落地，文化产业迎重大政策利好 《推进对外文化贸易高质量发展的意见》落地，文化产业迎重大政策利好
华阳股份,携手中科海钠，钠离子电池业务为公司贡献新成长——公司深度报告（二）
太龙药业,回购开启，激励将至
苏泊尔2,外需承压，成本优化 海外收入增速回落，持续受益于线上改革 出口拖累收入，利润率如期修复 业绩表现符合预期，盈利能力持续改善 内销稳健，外销观望，盈利改善
East,Business_improves_qoq_in_2Q22
CSCE,Order_growth_recovered_in_June；property_edge_to_be_enhanced
行动教育,推期权激励绑定核心骨干，彰显发展信心 推期权激励绑定核心骨干，彰显发展信心 推期权激励绑定核心骨干，彰显发展信心 发布股权激励方案，彰显长期发展信心 股权激励充分调动积极性，收入确认有望环比提速 激励计划蓄势待发，绑定人才剑指成长 股权激励彰显信心，一核两翼助力成长
得润电子,保时捷Taycan碳化硅OBC独家供应商，立足高端树立行业标杆
木林森,LED有望逐步回暖，植物照明与储能打开增长通道
康华生物,人用狂苗产能释放，领先布局犬用狂苗 22H1业绩实现稳步增长，人二倍体狂苗持续放量
福然德首,汽车钢加工配送龙头，稳步推进铝压铸 汽车钢加工配送龙头，稳步推进铝压铸 汽车钢加工配送龙头，稳步推进铝压铸
中熔电气,看好EV高电压化和储能加速带动的弹性
申通快递,底部反转扬帆起，未来成长尤可期
专精特新,寻找下一个隐形冠军 寻找下一个隐形冠军
振华新材,2022年上半年业绩预告点评 2022年上半年业绩预告点评 2022年上半年业绩预告点评 单晶三元正极翘楚，钠电再增第二增长极 高镍单晶技术先行，三元正极谁与争锋
贝因美首,初心如磐再启程，业绩有望迎拐点
三人行2,高增长印证预期，元宇宙再迎助力 业绩快速增长，增量客户构筑成长“护城河”
SC_N,TOPCon_trend_established，SC’s_PE－Poly_shipping_to_speed_up
震裕科技,下游客户再度扩产，市占率有望进一步抬升
珀莱雅二,Q2收入延续快速增长，期待多品牌持续发力 Q2业绩略超预期，主品牌、子品牌双轮驱动 Q2业绩略超预期，主品牌、子品牌双轮驱动 Q2业绩略超预期，主品牌、子品牌双轮驱动
BTG_,Earnings_under_pressure_in_1H22；we_expect_post－COVID_recovery
众源新材,Q2扣非净利环比增长97％，电池托盘及防腐材料开辟新增长极 电池托盘及防腐材料成为新增长极，助力公司高成长
概伦电子,EDA首秀，领航存储——科技前瞻系列之七
星帅尔,发行可转债扩充产能，深化光伏新能源领域布局
东方电缆,中标青州六等项目，价值量保持预期高位 中标大额订单，海缆业务加速放量 海上风电大势起，海缆龙头动能十足 中标19.2亿海缆项目，在手订单支撑高增长
三一重能,风机新锐望迎格局突破 藏器于身十四载，平价已来风满楼
高能环境,从0到1突破资源化彰显龙头α，从1到N复制打造多金属再生利用平台
金禾实业,6月出口持续好转，无糖化仍是大趋势 上下游协同发力，甜味剂龙头未来可期
隆基绿能,22Q2盈利高增，单晶之王强者恒强
珀莱雅2,大单品策略再进阶，多渠道齐头并进 二季度业绩稳健增长，主品牌618多平台国货第一 618多渠道国货第一，业绩兑现力强
中炬高新,股权结构新进展，期待经营业绩改善 全国化布局持续推进，改革势能释放可期 股权或迎变更，经营持续向好 管理边际改善，触底反弹可期 管理边际改善，触底反弹可期 管理边际改善，触底反弹可期 二股东增持，治理有望破局
国金证券,投行收入占比行业领先，地方国资注入发展新动力
建龙微纳,产能扩张与产品进阶并行，向全球分子筛龙头迈进
康冠科技,全球领先的智能显示制造商，定制化研产优势凸显
紫金矿业,不惧扰动全面布局，资源龙头有望实现修复
三环集团,电子陶瓷一体化龙头，MLCC产能迎落地 电子陶瓷一体化龙头，MLCC产能迎落地
凯盛新材,全球氯化亚砜龙头，研发赋能未来成长 氯化亚砜龙头展望新能源，芳纶及PEKK打开空间
芯原股份,国内半导体IP龙头，芯片定制化服务和IP协同发展 1H22扭亏，长期看好公司业绩成长
中矿资源,锂矿＋锂盐扩产双轮驱动，全球铯铷龙头晋级锂业“黑马” 至暗已过，业绩即将迎来爆发期 至暗已过，业绩即将迎来爆发期 至暗已过，业绩即将迎来爆发期 Bikita自供锂矿起运，公司下半年业绩有望明显改善
红豆股份,打造经典舒适男装，布局固态锂电池涉入新能源
中科电气,六城扩产快速推进，负极新星挺进一线
广汽集团,埃安开拓纯电市场，混动技术蓄势待发 埃安引战预挂牌、影酷盲订与广菲克将终止
三峡能源,风驰电掣，日行千里 业绩同比大幅提升，新能源运营龙头持续领跑 风光电量表现优异，业绩延续快速增长
豪能股份,同步器领先供应商，新业务打开成长空间
寿仙谷2,业绩增长符合预期，省外拓展带动公司业绩
明新旭腾,内饰材料龙头，迎全新机遇
Jian,Revenue_growth_impressive，asset_quality_improving
新和成,业绩符合预期，营养品业务短期承压 成本上涨、维生素产品销售承压拖累业绩，多项目进展顺利——公司信息更新报告
指南针,网信证券完成工商变更登记，开启全新征途 直销模式匹配高付费群体，并购网信增长空间广阔
铂科新材,合金软磁粉芯龙头，坐享光伏和新能源车高景气赛道
立昂微,下游需求旺盛，产能提升业绩高速增长
美畅股份,金刚线需求旺盛出货高增，降本增效盈利强劲 业绩预告符合预期，一体化产能持续扩张 光伏高景气度延续，公司业绩预计同比增长71.33％－90.37％ 金刚线龙头市占率有望继续提升
汉钟精机,经营稳中向好，业绩同比增长24％ 光伏需求旺盛，H1业绩表现优异 业绩超预期，真空泵需求持续放量
滨江集团,杭州两轮土拍拿地积极，项目层面利润丰厚 上半年盈利料维持平稳，持续逆势高质量拓储
珀莱雅点,Q2业绩逆势增长，拟推股权激励计划激励及绑定核心人才
王力安防,安防门锁领跑者，产能扩张瞄准先发优势 成本端压力释放下，盈利望加速修复
寿仙谷,业绩符合预期，全渠道发力助力公司进入拐点兑现期——公司信息更新报告 二季度收入微增，费用支出较少推动利润端高增 业绩超预期，渠道布局有望逐渐开花结果
嘉益股份,户外需求高增催化，细分赛道黑马崛起
极米科技,芯片短缺的供需局面缓解，预期龙头将释放更大业绩弹性 国内龙头地位稳固，看好海外市场增长 景气度与关注度齐升 出海成绩斐然，收入稳健高增 Prime_Day表现亮眼，海外市场快速拓展
春秋航空,冲击再次验证韧性，料将逆势扩张；继续推荐 积极应对疫情冲击，7月初航班量快速恢复 Q2业绩略超预期，归母净利润预计－8.6至－7.6亿元
纵横股份,无人机系列＃2 无人机系列＃2
川发龙蟒,布局钒钛磁铁矿，深化“矿化一体”优势 拟竞拍重钢矿业49％股权，布局上游钒钛资源
朗新科技,整体业绩符合预期，充电桩业务持续超预期 聚焦能源数字化，喜迎发展新机遇 业绩符合预期，新电途快速拓展 上半年业绩稳健增长，聚合平台充电量持续倍数级增长 业务推进好于预期，新电途进入减亏通道 业绩预计稳健增长，充电桩业务表现亮眼 “能源数字化＋能源互联网”双轮驱动，成长确定性高 充电业务市占率快速提升，电力IT龙头价值和成长兼具 营收快速增长，下半年更值期待——公司信息更新报告 业绩稳中有进，充电业务加速 新电途市占率加速扩张，营收利润强劲增长 2022H1业绩稳健，聚合充电迎来倍数级增长 22H1业绩稳增，“新电途”驶入发展快车道
美迪西,创新驱动，老牌CRO不断焕发新活力——公司首次覆盖报告
健民集团,重点产品表现强劲，体培牛黄持续贡献利润 新老产品稳增长，处方线和健民大鹏贡献突出 中报业绩短期承压，看好长期稳健盈利 新股权激励政策落地，业绩有望稳健增长 业绩增长符合预期，处方药产品线加速发力 业绩基本符合预期，多重催化下有望回归正轨 克服疫情稳定增长，健民大鹏贡献突出
顺丰控股,网络融合弱化周期性，海内外驱动增强成长性 Q2扣非业绩超预期，经营发展稳中向好 Q2主业盈利明显改善，期待补偿性需求反弹 经营情况逐步修复，上半年业绩同比大幅改善 疫情压力测试，经营表现稳健 Q2扣非利润超预期，降本增效进行时、增长回升蓄力中 Q2扣非业绩略超预期，鄂州投产催化在即
万业企业,嘉芯中标积塔RTP、铝铜金属溅射设备“1＋N”平台化战略持续落地 嘉芯闳扬中标积塔热处理设备，“万芯集团”平台化再上一阶 旗下快速热处理设备中标上海积塔招标，半导体设备产品矩阵再扩展
盐津铺子,Q2利润环比改善，战略改革成效显现 改革成效持续兑现，盈利能力逐步改善 烘焙点心业务快速增长，2022Q2业绩扭亏为盈——中小盘信息更新 韧性可贵，蓄势待发 22上半年归母净利润预增153－167％，战略转型成效显著持续推进
望变电气,双碳驱动需求升级，取向硅钢民企龙头加速扩张
立高食品,冷冻烘焙龙头，高成长确定性强
五粮液跟,全年目标推进顺利，多维改善蓄势待发
北清环能,拟更名“山高环能”，期待后续成长弹性
拉芳家化,投资医美国际并拟继续认购，医美业务拓展可期 投资医美国际并拟继续认购，医美业务拓展可期 投资医美国际并拟继续认购，医美业务拓展可期
仕佳光子,不利要素消除，数通保持景气—2022年中报预告点评 不利要素消除，数通保持景气—2022年中报预告点评 不利要素消除，数通保持景气—2022年中报预告点评
我武生物,半年度业绩符合预期，看好下半年恢复性增长 脱敏市场绝对龙头，产品矩阵不断丰富 疫情影响依然实现较好增长，全年表现可期 利润增长符合预期，散发疫情仍有扰动 2022Q2业绩受疫情影响，期待下半年恢复较快增长
盛视科技,多因素驱动公司有望重回高增长
分众传媒,分众的昨天、今天和明天 再论电梯广告龙头的安全边际和长期空间 受疫情扰动业绩短期承压，静待疫后消费回暖业绩修复 疫情致业绩受损，关注消费复苏和汽车投放增量 疫情冲击业绩承压，静待疫后复苏 疫情导致业绩大幅下滑，关注复苏进度与长期竞争力提升 疫情影响下业绩下滑，静待疫情后修复
Giga,2Q22_earnings_beat_expectations，product_mix_continued_to_improve
化妆品研,本土品牌迎生态位提升机遇，估值体系伴格局优化上移 本土品牌迎生态位提升机遇，估值体系伴格局优化上移 本土品牌迎生态位提升机遇，估值体系伴格局优化上移
储能专题,全球电化学储能市场展望与技术创新
锂电行业,钠离子电池电池体系新延伸，蓄势待发向未来
隆达股份,高温合金后起之秀，破茧成蝶开启新篇章
新诺威,咖啡因价格进入新稳态，拟收购石药圣雪加码大健康
江阴银行,基本面向好，息差持续扩张 转型成效初步显现，营收增速领先同业 营收增速近30％，资产质地优异 营收增速近30％，资产质地优异 黑马正在蜕变成白马 营收表现亮眼，资产质量向好 资产质量继续改善，累积营收同比＋25.9％ 营收增速再超预期，息差上升或是关键 营收增速再超预期，息差上升或是关键 营收增速再超预期，息差上升或是关键 营收增长亮眼，资产质量改善 营收增速有望稳居榜首，重申首推组合
百纳千成,剧集产出能力稳健提升，IP全产业链多元变现
福能股份,海上风电大发展，燃煤盈利触底回升 装机扩张拉动海风高增，稳健火电彰显资产优质 乘风破浪，低碳转型
邮储银行,效率提升打开估值空间
新城控股,商业运营收入稳步增长，股份回购彰显强大信心——公司信息更新报告
诺唯赞上,收入高增长，结构再改善
保隆科技,空悬业务再获9亿元订单，发展趋势向好 空簧减振器总成再获定点，空悬业务进入收获期
海优新材,产能持续扩张，预计2022H1盈利同比大幅增长 产能持续扩张，预计2022H1盈利同比大幅增长 22Q2盈利修复，出货持续高增
鲁阳节能,要约收购完成，与奇耐有哪些协同值得期待？
祥源新材,发布激励计划，提升团队凝聚力，看好公司长远发展
昌红科技,医疗耗材“CDMO”企业，定制化高分子塑性耗材一站式服务专家
斯莱克,定增项目获批，电池壳业务布局有望加速 业绩同比大幅增长，静待锂电池结构件放量！
迈信林首,深耕航空精密制造，军民两翼齐发展
赣锋锂业,构建一体化产业链，锂业龙头大有可为
当升科技,多款新品发布助力公司持续拓展成长边界
爱旭股份,2022Q2盈利持续修复，ABC产能逐渐落地 1H22预告业绩实现扭亏转盈，电池片盈利修复
顾家家居,软体家具龙头四十年匠心不改，从区域走向全球
光威复材,维斯塔斯碳梁专利到期；风电业务进入快速发展阶段 22Q2业绩显著修复，中长期向上拐点已现 中报业绩稳健，股权激励激发长期增长动能
郑煤机受,参与洛轴混改，业绩弹性提升 参与洛轴混改，业绩弹性提升 参与洛轴混改，业绩弹性提升
银轮股份,获自主新能源车企定点，热管理业务加速放量 热管理新定点突破，中期盈利展望乐观 新势力定点再获突破，新能源客户布局趋于完善——公司信息更新报告 新能源产品定点突破，电动车领域布局加速 获得热管理定点，预计下游客户需求复苏及成本下降将共同促进盈利能力提升
新强联深,风电轴承国产化引领者，风机加速大型化下份额向好 风电轴承国产化引领者，风机加速大型化下份额向好 风电轴承国产化引领者，风机加速大型化下份额向好
国安达首,电力消防积微成著，乘储能之风厚积薄发 电力消防积微成著，乘储能之风厚积薄发 电力消防积微成著，乘储能之风厚积薄发
瑞丰新材,国产替代蓄势待发，润滑油添加剂龙头进军高端市场
青岛啤酒,激励顺利推进，助力高端转型
万丰奥威,“双引擎”引领公司持续增长，镁合金业务高成长性即将凸显
奇安信,股权激励绑定技术骨干，“军团”战略稳步推进
家联科技,塑料餐具优质制造商，生物降解制品前景广阔
格林美重,再获前驱体订单锁定，保障业绩稳定增长
福鞍股份,拟低价并购石墨化优质资产，加速扩产业绩可期
九洲药业,CDMO＋制剂一体化具备长期成长性
禾丰股份,低估值高增速的饲料－食品全产业链龙头 低估值高增速的饲料－食品全产业链龙头 低估值高增速的饲料－食品全产业链龙头
联瑞新材,硅微粉隐形冠军，迈向电子材料的广阔天空
中国巨石,2022Q2扣非净利润保持韧性，产品结构持续优化
丽珠集团,V－01及二价苗序贯加强IIT临床数据发表，强效中和变异株
益丰药房,收购唐山德顺堂，拓张华北区域市场 拟收购德顺堂85家门店，持续夯实华北区域市场地位——公司信息更新报告 控股德顺堂积极拓展华北，扩张战略稳健推进 收购唐山德顺堂重组后70％股权，加强河北省内优势地位
苏泊尔公,外销客户去库存致22Q2收入下滑，盈利能力提升显著
厦门银行,营收维持高增，资产质量优异
桃李面包,Q2原材料价格压力较大，静待成本改善 收入延续稳健增长，盈利能力持续承压
三友医疗,骨科创新践行者，多项因素共振公司迎来发展新机会
山东药玻,股权划转终止，内生成长稳步推进 治理结构得到理顺，高端包材放量在即 控股权终止变更，再成长确定性提升 股权划转终止靴子落地，公司治理确定性提升
星期六深,直播电商绝对头部，主播星光映照供应链护城河
水羊股份,入主国际高端护肤品牌，品牌资产更上一层楼 接连收购海外品牌，资源嫁接实现战略闭环 收购高端护肤品牌伊菲丹90.05％股权，品牌矩阵得到有力强化 外延完善中高端品牌布局，“四双战略”持续深化 拟收购高端护肤品牌EviDenS，品牌矩阵可期 拟收购高端护肤品牌EviDenS，品牌矩阵可期 收购EviDenS90.05％股权，战略投资PierAuge，布局高端化全球化 拟收购伊菲丹90％股权，看好公司长期品牌矩阵规划 收购伊菲丹100％股权，进军敏感肌抗衰领域 拟收购高端护肤品牌EviDenS，品牌矩阵可期 拟收购EviDenS，自有品牌矩阵实力大增 拟收购法国高奢品牌伊菲丹切入高端护肤市场，助力国际化＆集团化布局 低估值收购高端品牌伊菲丹，品牌逻辑继续确认
信测标准,聚焦汽车DV／PV认证，受益于电动智能化浪潮
格林美,回收龙头化繁为简，前驱体进入发展快车道
Univ,2Q22_net_profit_beat_forecasts，profit_margin_on_the_rise
Wuxi,Smart_mining_monetization_in_place，robust_prospects_ahead
Jing,Sales_volume_and_tariff_of_thermal_power_rose，earnings_to_improve
中际联合,风电需求旺盛，平台化持续拓展，高空安全设备龙头优势凸显
油价短期,能源化工行业周观点 能源化工行业周观点
深科技,业绩预告高增长，看好存储半导体封测产能提升
亚辉龙,助力海内外抗疫，半年业绩亮眼 新冠助力归母净利润实现652％高速增长，研发加码自产业务成长可期
恒生电子,扎根金融IT，内外兼修不断突破 上半年收入预计增长15％，疫情下充分展现业务韧性 疫情影响收入增速，看好疫情后业绩恢复 控费成效明显，22H2大概率呈现利润拐点 疫情冲击下彰显成长韧性，基本面拐点有望到来 上半年收入预计增长15％，疫情下充分展现业务韧性 疫情短期业绩扰动，下半年加速恢复 疫情短期影响业绩，全年预期不变 营收稳健增长，利润短期承压
新洁能,受益功率器件国产化加速，产品结构升级带来新成长空间
Star,New_energy_business_ramps_up；2Q22_results_beat_expectations
康龙化成,短期业绩波动，看好长期景气度 短期业绩波动，看好长期景气度 短期业绩波动，看好长期景气度 22H1收入稳步增长，多因素阶段性拖累利润增长 海外通胀影响及理财收益减少，影响Q2业绩 收入稳健增长，业务深入布局 收入端稳健增长，多因素导致短期利润承压——公司信息更新报告 收入增长良好，放眼长期发展 新兴业务布局期＋外部环境变动引起业绩小幅波动 收入高速增长，服务边界持续拓宽 收入持续强劲，小分子CDMO产能释放有望带来提速增长
保利发展,业绩略超预期，逆市凸显央企价值 信用铸就坚实壁垒，长期受益格局进阶 销售表现领先大市，经营业绩稳中有升 业绩平稳释放，销售跃居第二 业绩稳健增长，销售韧性显现 业绩正增长，单月销售率先回正，供给侧改革受益 业绩稳增利润率回升，销投融表现突出
利民股份,成本上涨业绩承压，期待新产能陆续落地
格力电器,渠道改革初见成效，多元布局着力景气赛道 高温消化库存，渠道改革有新动向
天成自控,格局有望重塑，国产乘用车座椅龙头进入放量期
卫星化学,原料轻质成趋势，轻经龙头迎重估 Q2业绩显稳健经营能力，新项目陆续达产带来成长性 C2一期贡献业绩增量，新材料项目发展前景可期
洛阳玻璃,光伏玻璃产能加速释放，新能源业务转型顺势崛起
铖昌科技,军品民品共振，射频芯片新锐份额进击在即
经纬恒润,智能汽车大时代冉冉升起的“全能新星”
广联航空,航空工装和零部件核心配套商，内生和外延并举助力高速发展
郑煤机公,拟参与受让洛轴股权，转型战略新兴业务迈开步伐
成都银行,价值再思考
亿纬锂能,业务稳步推进，资源端布局优化盈利
扬农化工,内生与外延并举夯实龙头地位，母公司赋能助力长期发展
国电电力,22H1火电电量正增长，22Q3业绩有望持续好转 火电电量降幅有限，新能源转型提速 火电电量降幅有限，新能源转型提速 火电电量降幅有限，新能源转型提速 新能源转型提速，火电成本有望持续下降
隆平高科,转基因种业龙头，整装再出发——2022年半年报业绩预告点评 转基因种业龙头，整装再出发——2022年半年报业绩预告点评 转基因种业龙头，整装再出发——2022年半年报业绩预告点评
喜临门,产品定位清晰，渠道持续发力——公司首次覆盖报告 产品定位清晰，渠道持续发力——公司首次覆盖报告 产品定位清晰，渠道持续发力——公司首次覆盖报告
凯赛生物,股权激励方案落地，生物基聚酰胺有望改变尼龙市场格局——副标题居右小四，字号可以适当调整 推出新一轮股权激励方案，激励范围大幅增加 股权激励方案落地，生物基聚酰胺成长可期
穗恒运A,乘新能发展之势，“穗”有成长
麦澜德投,深耕盆底及产后康复领域，磁刺激产品快速增长
金开新能,装机容量快速扩张保障公司业绩增长
自动化设,人形机器人迎产业化机遇，建议关注核心零部件环节
杭州银行,业绩增长强劲，拨备稳居行业首位
兴业科技,皮革产业深耕细作，新能源车助力腾飞 主业下半年有望迎来拐点，汽车内饰6月并表 疫情致上半年业绩下滑，收购宏兴皮革进军新能源汽车内饰市场
Phar,Sound_revenue_growth；focus_on_the_long_term Sales＋39－42％；Net_profit＋0－8％YOY；Adj.net_profit＋19－27％YOY
Huad,Remaining_profitable_despite_high_coal_prices_on_investment_income Application_filed_for_market_debut_of_new_drug;NCDP_overhang_lifted
震安科技,行业大幅扩容在即，地域拓展成长加速
姚记科技,疫情影响、游戏加码投入拖累短期业绩，新业务成长可期 疫情等因素导致业绩承压，关注主业修复和新业务成长
巴比食品,2022H1预计扣非归母净利润同增56％－65％，门店积极扩张有望带来业绩进一步改善 逆势应对逆境，业绩弹性有望延续——2022年半年度业绩预告点评 逆势应对逆境，业绩弹性有望延续——2022年半年度业绩预告点评 逆势应对逆境，业绩弹性有望延续——2022年半年度业绩预告点评 疫情下韧性凸显，扣非净利润实现逆势增长——中小盘信息更新
首旅酒店,短期业绩承压，静待后续复苏 疫情影响上半年业绩显著承压，Q2亏损环比收窄 Q2亏损环比收窄，期待暑期旺季需求恢复 亏损明显收窄，关注拓店与产品升级 亏损明显收窄，关注拓店与产品升级 亏损明显收窄，关注拓店与产品升级 上半年业绩承压，静待疫后复苏 Q2业绩承压，等待下半年复苏 疫情扰动业绩预亏，疫后弹性复苏可期 疫情扰动业绩短期承压，看好疫后弹性释放 Q2业绩承压，关注拓店边际改善 疫情反复影响二季度恢复；关注轻管理拓店节奏 疫情影响致业绩亏损，暑期乘势复苏可期 疫情导致业绩亏损，蓄力疫后复苏 22Q2环比略减亏符合预期，期待下半年表现
锦江酒店,境外复苏正当时，境内曙光或将至 Q2业绩超预期，看好复苏逻辑持续演绎 Q2环比减亏，境内外经营稳步恢复 减亏超预期，海外恢复对冲国内波动 减亏超预期，海外恢复对冲国内波动 减亏超预期，海外恢复对冲国内波动 万店王者提质增效，酒店航母轻装启航 Q2业绩优于预期，看好疫后业绩修复＆加速展店 上半年疫情承压，疫情企稳下预计Q2业绩环比修复显著 2Q22环比减亏，复苏趋势向上 二季度环比减亏显著，关注后端费用结构优化 境外业务复苏，Q2整体经营表现有所改善 Q2利润端改善，优于预期 22H1业绩因疫承压，结构优化望蓄力发展 国内经营短期承压，下半年业绩弹性值得期待
三联虹普,国内领先高分子材料服务商，锦纶＋再生双极驱动，技术引领实力护航
英搏尔,定增落地助力产能提升，盈利能力环比修复 定增落地，扩产快速推进
牧高笛,露营装备龙头，业绩连续高增长 露营风至，乘势而上 Q2环比显著提速，继续看好产业趋势及头部优势演绎，周边市场大有可为 产品体系与渠道持续拓展，带动品牌高增长
华电国际,燃料成本环比改善，扣非业绩实现正增长（更新） Q2业绩超预期，华电新能源启动IPO申报 煤价高位不改稳健增长，上半年业绩实现超预期表现
坚朗五金,逆境布局全面拓展，蓄势下一轮增长 业绩短暂承压，品类扩张长期增长趋势确定 业绩承压下行，逆周期投资不减速 行业在底部，企业在蓄力
佛山照明,照明为核稳基础，车灯为翼拓空间
峰岹科技,直流无刷电机驱动控制芯片专家
An_H,Profit_growth_in_1H22_due_to_electricity_tariff_adjustment
郑煤机事,参与洛轴混改落地，高端轴承布局打造新增长点
天能重工,海陆产能加速扩张，发电开启第二成长曲线
中材国际,新签订单总额恢复增长，境内订单恢复明显 Q2新签订单提速，运维服务表现亮眼
享受周期,农林牧渔行业2022年中期投资策略 农林牧渔行业2022年中期投资策略
新凤鸣,2Q22业绩预告符合预期，长丝景气度仍在低位 逆境下Q2业绩超预期，看好长丝旺季迎底部反转——公司信息更新报告
苏州银行,盈利能力提升，资产质量显著改善 ROE提升，资产质量改善 业绩提升，资产质量优异 存贷两旺营收超预期，资产质量跻身头部 存贷两旺营收超预期，资产质量跻身头部 存贷两旺营收超预期，资产质量跻身头部 二季度收入增长提速，资产质量持续改善 业绩逐季向上、同比高增25％，资产质量优中更优
高测股份,扩产4000万公里金刚线，强化光伏硅片切割三元布局 光伏切割一体化解决龙头，切片代工＋金刚线打开第二成长曲线 壶关一期扩产项目落地，细线化有望提升市占率
卓越新能,生物柴油龙头企业，减排东风助力成长
壹石通公,重庆扩产配套西南客户，能源成本优势大
洁美科技,纵横一体化载带龙头，加码离型膜打开成长空间
三一重工,行业底部有望开始反转，激励计划彰显公司信心 行业下行业绩韧性不减，公司股权激励彰显未来信心 行业下行业绩韧性不减，公司股权激励彰显未来信心 行业下行业绩韧性不减，公司股权激励彰显未来信心 短期业绩有望触底，股权激励提振信心 上半年业绩短期承压，Q3需求有望边际改善 不惧上半年业绩承压，三季度有望迎来上行拐点
宏华数科,董事长增持股份彰显信心；下游需求边际改善已现
歌力思,疫情封城影响较大，上半年业绩预减约75％
三全食品,业绩超出预期，盈利能力改善 产品渠道双优化，盈利修复超预期 内部结构持续优化，业绩延续高增 业绩符合预期，持续推陈出新 Q2盈利呈现高增长，C端新产品销售向好 产品结构持续改善，Q2业绩表现良好 产品逻辑凸显，收入考核转向
丽臣实业,活性剂主业优势突出，高端发展路线成长空间广阔
中科创达,业绩略超预期，关注自动驾驶进展 业绩符合预期，智能驾驶持续高景气 业绩符合预期，智能化持续领跑 业绩符合预期，携手高通完善驾驶域布局 业绩符合预期，智能驾驶带来增长新动能 无惧疫情扰动，22Q2继续高质量高增长 新投入业务进展顺畅，业绩表现超预期 二季度业绩符合预期，发力自动驾驶与边缘计算领域 收入／利润增速符合预期，看好驾驶域突破／物联网业务毛利率改善 不惧疫情高增长延续，智驾域多点发力 业绩实现快速增长，高通合作硕果累累 无惧疫情扰动，2022H1业绩持续高增长 二季度延续高增长，高景气赛道助力成长——公司信息更新报告 业绩符合预期，自动驾驶将打开新一轮成长曲线 全球布局优势凸显，2022中报业绩预告再超预期！ 业绩略超预期，卡位优势尽显 业绩预告符合预期，聚焦智能驾驶景气赛道 疫情之下增速不减，产业合作持续落地 业绩符合预期，座舱驾驶两手抓 业绩增长符合预期，加码智能驾驶、边缘计算 业绩符合预期，驾驶域及边缘计算打开成长空间 上半年业绩预告符合预期，Q2盈利能力环比改善明显
埃斯顿投,自主研发＋海外并购，快速崛起的工业机器人龙头
中国天楹,“环保＋新能源”双引擎驱动，重力储能从0到1
泉峰汽车,业绩短期承压，传动与新能源业务增长逻辑不变
瑞纳智能,政策加码资金到位，龙头业绩确定性高
华旺科技,新产能布局多品类特种纸赛道，回购充分彰显增长信心 新产能扩张推动持续成长，回购股权彰显长期发展信心
深圳能源,聚焦成长的能源环保服务商
Proy,Proya Second－round_of_equity_incentive_plan_launched_to_boost_earnings
横店影视,暑期档影院或迎复苏，并购星轶有望提升市占
纳思达,利盟再融资助力发展 成长兑现，未来可期 获国际大行银团贷款，自主打印领军进入成长加速点
精研科技,看好全年业绩增长，铰链组装业务贡献新增量
国防装备,国产大飞机 国产大飞机 国产大飞机 国产大飞机 国产大飞机 国产大飞机 国产大飞机 国产大飞机 国产大飞机 国产大飞机 国产大飞机 国产大飞机 国产大飞机 国产大飞机 国产大飞机 国产大飞机 国产大飞机
周专题（,油脂成本回落对大众食品公司影响探讨 油脂成本回落对大众食品公司影响探讨 油脂成本回落对大众食品公司影响探讨
芯导科技,功率半导体“小巨人”，功率器件与功率IC双轮驱动——公司首次覆盖报告
天康生物,养殖成本下降明显，疫苗有望迎改善 Q2出栏成本下降超预期，看好公司长期发展
朗姿股份,医美终端龙头，疫后复苏高景气 疫情背景下短期承压，医美布局驱动中长期成长
洛阳钼业,全球矿业巨头，产能扩张叠加行业景气助力成长 2022H1实现归母净利39.8～42.2亿，创历史最佳半年度业绩
轻工制造,至暗时刻已至，修复趋势确定——家居行业点评 至暗时刻已至，修复趋势确定——家居行业点评 至暗时刻已至，修复趋势确定——家居行业点评 至暗时刻已至，修复趋势确定——家居行业点评 至暗时刻已至，修复趋势确定——家居行业点评
鼎通科技,布局海外产能，加速客户拓展
迈为股份,业绩符合预期，异质结项目持续落地保障公司业绩维持高增
中国长城,业绩短期承压，长期将持续受益行业信创
大北农,大北农拟控股鲜美种苗，种业布局再下一城 养殖链业务短期承压明显，转基因业务未来成长可期
片仔癀,多核驱动增长稳健，业绩预告符合预期 二季度因疫情放缓，全年基调求稳 业绩增长符合预期，核心产品持续放量 2022上半年业绩符合预期，片仔癀系列维持稳健增长
东软集团,软件能力为根基，座舱智能化新领军
多氟多首,六氟磷酸锂价格有望触底反弹 六氟磷酸锂价格有望触底反弹 六氟磷酸锂价格有望触底反弹
戎美股份,优质线上服饰品牌，供应链优势明显
中兴通讯,第一二曲线增长联袂而至，ICT产业巨头再辟新篇章
Flyc,Business_operations_make_new_strides，long－term_growth_solid
Focu,Interim_results_impacted_by_Omicron
Macc,Endogenous_and_regular_business_grew_steadily_in_1H22
双星新材,材料平台星耀苍穹，卡位PET铜箔 原料价格下行产品盈利改善，PET铜箔加速研发卡位优质赛道
紫光股份,集团股权落地，国内ICT龙头开启新征程 集团重整完成，公司迈入新阶段
中材科技,锂膜及叶片边际向好，玻纤盈利稳健
电子,关注产业链库存修正与下游需求恢复速度
快递行业,头部加盟制快递ASP同比大幅提升
贝泰妮,AOXMED新品定位高端抗衰，增强公司前进动能 高端抗衰新品牌官网上线
环旭电子,Q2大幅预增，汽车电子值得期待 SiP持续成长，汽车电子加速放量 SiP持续成长，汽车电子加速放量 SiP持续成长，汽车电子加速放量
兆易创新,22H1业绩超预期，多元化持续推进 2Q22业绩维持高速成长 上半年业绩超预期，工业和汽车业务推动结构升级 业绩亮眼，产品结构持续升级 Q2业绩超预期，工车规产品占比继续提升 工业汽车拉动结构升级，录得逆势亮眼成长 二季度利润超8亿，工业和汽车营收继续提升
7家银行,高扩张城农商行中报行情或已开启 高扩张城农商行中报行情或已开启 高扩张城农商行中报行情或已开启
汽车及零,乘用车销量延续上涨态势，双积分政策考核趋严 6月曙光已现，全年对勾形复苏逐渐确立
万通智控,业绩超预期，车联网业务将成为爆点
天准科技,机器视觉平台效应渐显，新领域新应用多点开花
安博通,网安上游“小巨人”加速崛起
国联证券,区位、管理层优势显著，加快成长的“小中信” 战略机制清晰、成长性突出的行业黑马
万华化学,第六代MDI技术领先，自主创新终成全球龙头 多线研发打造技术壁垒，看好万华后续技术专利储备
天健集团,城建提速，旧改落子，特区天健整装再出发——公司首次覆盖报告
海翔药业,医药板块发力，步入新成长周期
Xinb,Interim_results_show_earnings_rally_with_robust_domestic_sales
中国重汽,最困难阶段或已过去 市占夺冠彰显韧性，静待复苏释放业绩弹性
法拉电子,五十载薄膜电容龙头，迎新能源需求风起
石英股份,高纯石英砂量价齐升，景气度超预期
斯达半导,22Q2预告超预期，新能源业务快速放量 新能源业务占比提升，高压和SiC产品积蓄成长动力 Q2业绩超预期，新能源占比快速提升 半年度业绩预告超预期，新能源应用占比快速提升
中国石油,油价景气，22H1业绩创八年以来新高
天奈科技,1H22业绩预告符合预期，碳管龙头稳健成长 Q2业绩符合预期，龙头加速全球布局 上半年业绩高增，全球化布局进一步完善
金博股份,碳陶盘获比亚迪定点，第二成长曲线渐明 碳／碳热场龙头，新材料平台加速成型
迈信林公,深耕航空精密制造，军民两翼齐发展
电气设备,2022年全球储能市场景气跟踪Ⅱ 2022年全球储能市场景气跟踪Ⅱ 2022年全球储能市场景气跟踪Ⅱ 2022年全球储能市场景气跟踪Ⅱ 2022年全球储能市场景气跟踪Ⅱ 2022年全球储能市场景气跟踪Ⅱ 2022年全球储能市场景气跟踪Ⅱ 2022年全球储能市场景气跟踪Ⅱ 2022年全球储能市场景气跟踪Ⅱ 2022年全球储能市场景气跟踪Ⅱ 2022年全球储能市场景气跟踪Ⅱ 2022年全球储能市场景气跟踪Ⅱ
从拆解M,新能源汽车行业特斯拉系列研究专题 新能源汽车行业特斯拉系列研究专题
继峰股份,22Q2短期业绩承压，乘用车座椅破局未来可期 业绩低点或已过，下半年有望持续改善 Q2承压，座椅新势力后劲可期 短期业绩承压，静待新业务放量突破 Q2短期承压，不改长期成长空间
江苏银行,业绩超预期，资产质量持续改善 业绩景气度显著回升，资产质量持续改善 营收增速抬升，资产质量持续改善 投放强劲，业绩亮眼 业绩表现超预期，资产质量延续改善 业绩显著提速，资产质量大幅夯实 Q2信贷投放更旺，助力业绩增速突破30％ 业绩靓丽，估值修复可期 业绩高增超预期，2季度收入增长提速 盈利及资产质量预告双丰收 趋势向上，加速奔跑 业绩景气度大幅回升，信贷增速创近年新高 1H22业绩有何看点？ 营收盈利维持高增，资产质量持续向好 中报业绩快报全面超预期 中报业绩快报全面超预期 中报业绩快报全面超预期 超预期、净利润同比增31.2％，资产质量优异，继续推荐
关注新材,新材料行业周观点
片仔癀2,业绩增速基本符合预期，体验馆与线上渠道持续贡献
新希望,养殖业务有望改善，饲料业务稳健发展 产业一体化优势明显，农牧龙头蓄势待发
蒙娜丽莎,预告上半年亏损4－4.5亿元，关注盈利能力修复进展 C端增长不易，减值继续拖累 减值计提影响业绩，压力期不改中长期发展前景
同飞股份,紧随储能发展大潮，国产工业温控设备龙头再出发
中际旭创,海外需求旺盛，业绩稳健增长 全球光通信领头羊再出发，激光雷达引领新市场多点布局
德业股份,业绩超预期，Q2逆变器环比翻倍增长，除湿机营收盈利高增 户储、微逆、组串三轮驱动，公司业绩大幅增长 产品结构持续优化，盈利能力进一步提升
中铁工业,上半年新签订单大增31％，抽水蓄能、矿山等应用TBM需求旺盛
吉祥航空,Q2业绩符合预期，归母净利预计亏损13.8－10.8亿元 积极应对疫情冲击，暑运运力有望恢复至19年九成
吉林化纤,疫情影响成本抬升业绩承压，碳纤维进展顺利未来可期 Q2疫情冲击初步缓解，环比改善值得期待
比亚迪,垂直整合集大成，全球禁燃先锋者 业绩表现亮眼，进入量利双升通道 业绩超预期，利润弹性有望进一步释放 规模优势推动盈利能力大幅改善，下半年销量及利润持续加速释放 中期业绩超预期，新起点、新机遇 归母净利润同比三位数增长，盈利弹性初步释放 22Q2业绩超预期，规模效应与产业链一体化优势显现 中报业绩超预期，销量持续增长，建议“买进” 上半年业绩略超市场预期，盈利能力改善 2022H1业绩超预期，盈利能力大幅改善——公司信息更新报告
黄山旅游,进山人数同比下滑，加快重点项目建设 进山人数同比下滑，加快重点项目建设 进山人数同比下滑，加快重点项目建设
梦百合中,2022H1业绩预增，加强全球化布局
力量钻石,22H1归母净利润预计同比增长109％－119％，行业高景气下业绩持续兑现
医疗器械,疫情低位，关注医疗新基建及消费复苏受益标的 疫情低位，关注医疗新基建及消费复苏受益标的 疫情低位，关注医疗新基建及消费复苏受益标的 疫情低位，关注医疗新基建及消费复苏受益标的 疫情低位，关注医疗新基建及消费复苏受益标的 疫情低位，关注医疗新基建及消费复苏受益标的
沪电股份,数通汽车接力成长，行业龙头扬帆起航
TCL科,半导体显示业务承压，持续加码光伏及半导体材料
森马服饰,受疫情影响，上半年盈利受损 疫情和成本压力下，上半年业绩预减81％～87％ 疫情下短期业绩承压，品牌定位持续优化
完美世界,业绩符合预期，研发＋出海驱动成长 业绩符合预期，看好《幻塔》海外表现——2022H1业绩预告点评 业绩符合预期，看好《幻塔》海外表现——2022H1业绩预告点评 业绩符合预期，看好《幻塔》海外表现——2022H1业绩预告点评 22H1业绩高于市场预期，看好22年出海利润高增 《幻塔》海外版开启测试，关注后续业绩表现 中报业绩符合预期，关注《幻塔》海外表现及《天龙2》版号进度 Q2业绩范围符合预期，游戏转型创新积极推进 核心产品贡献稳定，储备丰富蓄势待发 存量产品进入稳定期，短期关注《幻塔》海外，中期关注进口版号与《诛仙世界》 核心产品表现稳定，看好《幻塔》海外版上线表现 22H1业绩预期高增长，游戏海内外业绩修复 核心游戏发力盈利高增，期待《幻塔》出海表现
同庆楼2,Q2受疫情扰动，6月起逐步修复 Q2受疫情扰动，6月起逐步修复 Q2受疫情扰动，6月起逐步修复 Q2基本打平符合预期
和顺科技,有色光电基膜龙头，布局光学基膜打造高竞争壁垒
汉威科技,业绩受疫情有所拖累，汽车和消费领域拓展顺利 期待疫情影响消退后业绩快速增长，子公司业务成长潜力十足！
东方财富,业绩增长超越市场，自营投资表现亮眼 经纪业务表现亮眼，市占率增长超预期 无惧市场波动，东财证券上半年净利润预计同比高增 逆境方显龙头本色，东财证券业务保持高速增长 无惧市场波动，东财证券上半年净利润预计同比高增 22Q2季度环比改善 证券业绩超预期，投资逆市高增 证券业务业绩表现超预期，经纪业务市占率持续提升 资本市场转暖业绩向好，市占率持续提升 交易佣金率提升超预期，自营业绩大增 证券业务增长超预期，基金业务随市场波动 1H22券商业务实现高增、或支撑整体营收稳健增长 零售证券业务阿尔法显著，公司业绩表现持续超预期 东财证券业绩、市占率逆市提升 经纪业务和投资收益推动公司业绩高增 经纪业务和投资收益推动公司业绩高增 经纪业务和投资收益推动公司业绩高增 业绩增速超预期，战略性配置窗口或在途 东财证券中报亮眼，市场动荡之下仍然高增，维持推荐 证券公司业绩超预期，经纪和投资收益表现亮眼 业绩超预期，经纪业务市占率持续提升 东财证券业绩超预期，互联网资管领军盈利能力持续体现 阿尔法再现，证券半年度业绩超预期 超预期，经纪业务市占率及净利率提升
千味央厨,产品与渠道优势领先，2B蓝海领航者
三孚新科,研发构筑技术壁垒，国产替代蓄势待发
北京城乡,拟重组转型人服行业，主业增长稳定，看好重组后发展潜力
华锐精密,快速成长的数控刀具国产商，新产能释放值得期待——首次覆盖报告 四大核心技术构筑壁垒，产能扩张保障行稳致远 四大核心技术构筑壁垒，产能扩张保障行稳致远 四大核心技术构筑壁垒，产能扩张保障行稳致远
春风动力,6月公司大排量摩托车同比增长45％；盈利拐点有望显现
妙可蓝多,低温做精，常温做广，品类延展打开增长空间
金陵饭店,Q2环比扭亏为盈，关注规模扩张与多元协同 多重压力仍扭亏为盈，继续推进规模扩张 多重压力仍扭亏为盈，继续推进规模扩张 多重压力仍扭亏为盈，继续推进规模扩张
百济神州,百泽安（抗PD－1单抗注射液）美国BLA延期点评
光线传媒,业绩体现抗风险能力和基本面优势，关注新片节奏 二季度业绩显韧性，继续看好《深海》上映催化 高筑墙，广积粮，动画电影龙头表现可期 疫情承压不改基本面优势，影片储备丰富静待大片上映 业绩预告高于预期，关注下半年影片定档
家用电器,原材料价格下行，零售端改善，白电有望盈利修复 原材料价格下行，零售端改善，白电有望盈利修复 原材料价格下行，零售端改善，白电有望盈利修复 原材料价格下行，零售端改善，白电有望盈利修复
Join,Losses_likely_in_1H22，greentransition_to_stay_the_course
普冉股份,景气回落短期业绩承压，但看好容量升级、工控车载、新品拓展拉动 22Q2环比改善明显，新品拓展和产品升级加速推进
爱玛科技,半年度业绩高增，行业过渡期释放需求弹性
凯莱英公,小分子业务推动业绩大幅增长，盈利能力提升显著
财达证券,立足河北，围绕区域资源打造综合服务体系
华东医药,肾小球监测系统上市申请获受理
迪安诊断,22H1净利同比增长120％至160％，好于预期 业绩超预期，ICL龙头持续快速增长 新冠检测助力检验服务规模效应凸显，业绩增长超预期
赛伍技术,下游需求向好，背板、胶膜出货持续增长——2022中报业绩预告点评
Beij,1H22_loss_alert_due_to_COVID，but_likely_to_rebound_in_3Q22 Net_profit_grows90％＋in_2Q22_despite_pandemic_impact
三旺通信,工业互联网景气上行，一站式工业通信解决方案提供商将持续受益
宏英智能,移动机械与专用车智能化领军者
长江证券,聚焦机构经纪，深化区域服务
招商蛇口,业绩同比下滑，积极补充土储 利润率压力释放，投资领跑市场 盈利水平承压下行，销售拿地优于行业——半年度业绩预告点评 盈利能力下降，市场排名上升
麒盛科技,卡点睡眠科技，电动床龙头内外销并进
生物股份,Q2下滑幅度收窄，下半年有望回暖
贝泰妮点,新品牌AOXMED面市，多品牌矩阵可期
闻泰科技,布局智能汽车产业链，车规半导体龙头扬帆起航
同为股份,业绩超预期，海外转单持续受益
数据港交,国资背景第三方数据中心头部服务商，坚持有效扩张发展战略
键凯科技,PEG国内龙头，产品多点开花
芯海科技,智联万物，“芯”辰大海
屹通新材,国内雾化铁粉龙头，乘风布局软磁及新能源赛道
比亚迪2,中报业绩超预期，当打之年的逻辑兑现
Yank,Turning_profitable_in_2Q22，reform_bearing_fruit_at_a_rapid_pace
Yony,Recurring_NP_growth_of_10－34％_yoy_guided_for_2Q22
亿嘉和,电力机器人龙头，共享充电桩机器人新增业绩看点
天山铝业,低电力成本优势稳固，新建项目步入释放期推升成长空间
食饮农业,食饮复苏前景明朗，生猪养殖景气上行 食饮复苏前景明朗，生猪养殖景气上行 食饮复苏前景明朗，生猪养殖景气上行 食饮复苏前景明朗，生猪养殖景气上行 食饮复苏前景明朗，生猪养殖景气上行 食饮复苏前景明朗，生猪养殖景气上行 食饮复苏前景明朗，生猪养殖景气上行 食饮复苏前景明朗，生猪养殖景气上行 食饮复苏前景明朗，生猪养殖景气上行 食饮复苏前景明朗，生猪养殖景气上行 食饮复苏前景明朗，生猪养殖景气上行 食饮复苏前景明朗，生猪养殖景气上行 食饮复苏前景明朗，生猪养殖景气上行 食饮复苏前景明朗，生猪养殖景气上行
交运中小,航空中报利空落地，快递物流表现稳健
农产品研,本周全国外三元生猪均价涨幅为1.21％，Q2部分动保企业批签发数据开始回暖
航空机场,2Q22业绩预告整体符合预期；关注疫情及防疫政策变化 2Q22业绩预告整体符合预期；关注疫情及防疫政策变化 2Q22业绩预告整体符合预期；关注疫情及防疫政策变化 2Q22业绩预告整体符合预期；关注疫情及防疫政策变化
中伟股份,Q2业绩符合预期，单吨盈利环比提升 轻舟已过万重山 单吨利润持续修复，一体化布局驱动成长
世运电路,汽车PCB需求旺盛，原材料降价＆汇率修复Q2业绩大幅改善
国电南瑞,工控＆数字电网龙头，新型电力系统建设打开成长空间
巨化股份,Q2主营产品销量普增，业绩增长超预期 1H22业绩预增725％－908％，一体化优势显现 氟化工巨头业绩大幅增长，运营效率持续提升
汽车行业,产销进入传统淡季，板块长期看好
家电及相,促销带动需求回暖，更关注格局变化趋势
Ever,Leading_laser_chip_maker_in_China’s_chip_industry
Juew,2Q22_earnings_under_pressure
Zhej,Soft_vitamin_A_prices_weighed_on_earnings
千禾味业,费用投放显著收缩带动Q2业绩超预期 费用投放显著收缩带动Q2业绩超预期 费用投放显著收缩带动Q2业绩超预期 费用收缩释放弹性，Q2业绩超预期 费用收缩明显，业绩略超预期
元利科技,中报再超预期，主业高成长并推进新能源材料，未来空间广阔
纺织服装,6月纺服出口维持高增，国内服装零售同比转正 行业逐步复苏，看好运动服饰
迈克生物,自主业务实现增长，海外渠道建设不断加强 业绩持续改善，国内外渠道进一步加强 1H22内生常规业务稳健发展 代理业务加速剥离，业绩短期承压，业务结构改善长期发展向好
天味食品,雨过天渐晴，多维改革促发展 业绩符合预期，Q2净利率显著改善 业绩符合预期，Q2净利率显著改善 业绩符合预期，Q2净利率显著改善 业绩超预期，弹性正兑现 收入稳健增长，业绩符合预期 收入保持快速增长，经营拐点持续兑现 渠道库存回归良性，行业格局改善明显
金山办公,新的成长驱动力有望形成
海星股份,业绩符合预期，丰水期和产能扩张持续增厚公司利润
传媒,上海政府支持龙头企业探索NFT交易平台建设，包括数字确权保护等业态建设 上海政府支持龙头企业探索NFT交易平台建设，包括数字确权保护等业态建设
重庆啤酒,高端路线明确，扬帆破浪前行 高端路线明确，扬帆破浪前行 高端路线明确，扬帆破浪前行
中青旅2,疫情影响导致闭园，关注复苏和新项目 疫情影响导致闭园，关注复苏和新项目 疫情影响导致闭园，关注复苏和新项目
王府井公,疫情影响持续，6月以来经营企稳回升 疫情影响持续，6月以来经营企稳回升 疫情影响持续，6月以来经营企稳回升
华安鑫创,国内车载模组龙头供应商，绑定上游屏厂战略转型Tier1
昭衍新药,业绩高速增长，上游供应链收购强化生物药安评服务能力 订单高保障，业绩高增长 订单高保障，业绩高增长 订单高保障，业绩高增长
盐湖股份,钾肥景气环比提升，碳酸锂持续释放产能，二季度业绩超预期
云南能投,半年度业绩亮眼，绿电投产高峰期渐行渐近
哈尔斯,双重利好助力增长，自主品牌发力国内市场
天奇股份,深耕锂电回收，业绩进入爆发期
海能达,扭亏为盈，经营逐步向好
Sanq,Rapid_growth_in_2Q22_earnings_on_robust_demand_and_efficiency
恒润股份,Q2业绩环比改善，提价降本下盈利能力向好 Q2业绩环比改善，提价降本下盈利能力向好 Q2业绩环比改善，提价降本下盈利能力向好
金圆股份,首个海外盐湖项目落地，公司高效执行力的又一力证 盐湖拓展再下一城，锂资源储量正扩张
广东鸿图,上半年业绩大幅增长，一体化压铸加速落地
东瑞股份,Q2业绩受洪灾影响承压，定增有望助力公司出栏稳步增长
文灿股份,订单恢复叠加新能源业务拉动，上半年业绩大幅增长 Q2超预期，百炼稳健＋本部高质量增长 2022年上半年业绩略超预期，9000T压铸机完成试产静待花开——公司信息更新报告
惠伦晶体,疫情扰动需求下降，公司业绩承压
玲珑轮胎,二季度净利润转正，业绩上行拐点已现 迈过“至暗时刻”，Q2底部反转业绩超预期 2Q22业绩预告环比大幅改善，外部环境趋势向好 成本压力逐步放缓，公司有望迎来业绩拐点 二季度业绩超预期，配套结构调整成效初显
基础化工,二季度化学原料和化学制品制造业产能利用率同比下降2.3个百分点，蛋氨酸价格上涨
上市航司,招商交运物流行业周报
中兵红箭,兵器集团董事长调研豫西集团，中兵红箭军民品双驱动
金雷股份,全球风电主轴龙头，大型化铸造产能放量在即
建设机械,短期业绩承压，单季环比减负 短期业绩承压，单季环比减负 短期业绩承压，单季环比减负
太平鸟,经营环境承压，2022二季度业绩预计亏损5700万元
中盐化工,Q2业绩符合预期，持续受益纯碱高景气
川仪股份,疫情造成短期扰动，流程工业智能化和国产化持续推进
沃尔德首,超硬刀具隐形冠军，多管齐下打开第二成长曲线 超硬刀具隐形冠军，多管齐下打开第二成长曲线 超硬刀具隐形冠军，多管齐下打开第二成长曲线
新锐股份,矿用硬质合金龙头企业，入局数控刀片成长可期 矿用硬质合金龙头企业，入局数控刀片成长可期 矿用硬质合金龙头企业，入局数控刀片成长可期
东阿阿胶,利润增速亮眼，全年业绩可期
煤炭政策,供需面有望逐步向好，2、3季度业绩确定性高
永新光学,激光雷达快速推进，高端仪器国产替代
江海股份,新能源产业带来广阔的市场增量，行业低估值蕴含确定性上涨空间
Chin,Results_to_remain_strong_in_2Q22；a_defensive_and_high－beta_target
锦浪科技,户用光储业务大幅增长，募资扩产助力进一步发展 并网储能出货高增，扩产紧抓户储爆发机遇 业绩高速增长，市占率持续提升
深城交首,站上深圳车路协同的浪潮之巅
社服视角,数据与政策边际改善，业绩恢复机遇风险并存
战略科技,H1预告利空落地，疫情复苏下展望下半年
精工钢构,6月新签环比改善，新兴业务拓展加快
天壕环境,业绩历史新高，神安蓄势待发 业绩高增模式验证，期待稀缺跨省长输未来发展
新华保险,利润负增长边际收窄，负债端尚处底部 利润负增长边际收窄，负债端尚处底部 利润负增长边际收窄，负债端尚处底部
天目湖2,2022H1业绩预亏，暑期逐步进入旺季 2022H1业绩预亏，暑期逐步进入旺季 2022H1业绩预亏，暑期逐步进入旺季 上半年业绩承压，多因素驱动三季度业绩复苏
华菱钢铁,行业低迷，业绩韧性凸显
南方航空,多重冲击影响，上半年亏损扩大
欧派家居,整家2.0柜门墙配＋菜单式计价，定制王者定义行业整家新高度 发布整家定制2.0，持续引领行业发展
纳思达2,各业务线同步改善，二季度持续高增长
齐心集团,疫情扰动营收，利润修复在途
皖能电力,半年业绩预增，市场电缓解煤价压力
中国国航,多重冲击致亏损扩大，静待航空客运需求复苏 22H1预亏185－210亿元，关注国际线放开进程
骆驼股份,商用车业务拖累业绩，新能源客户开拓提速——公司信息更新报告
美年健康,疫情导致增长暂缓，积累订单有望将旺季提前至Q3——公司信息更新报告
松原股份,新客户+新产品，被动安全国产替代加速
中国化学,营收继续维持较高增速，实业项目进一步推进 Q2收入维持较快增长，新材料业务陆续投产
京能电力,火电量价齐升，盈利持续修复
奥特维公,光伏锂电半导体三维聚力，平台化布局亮点纷呈
神火股份,成本控制优势＋放量，2022年H1业绩超预期
楚天科技,拟收购楚天飞云股权，加强产业链一体化布局
卓胜微,2Q22业绩低于预期，手机需求疲软
诺德股份,技术行业领先，扩产放量在即
天坛生物,业绩大超预期，销售节奏所致
志特新材,铝模行业龙头，发展空间广阔
君亭酒店,商旅度假并举，迈入新发展阶段
金卡智能,燃气及水务持续推动收入增长，期待氢能源等产品商业落地
牧高笛2,露营需求持续火热，22H1业绩增长再提速
博腾股份,业绩超预期，盈利能力持续提升 业绩超预期，盈利能力持续提升 业绩超预期，盈利能力持续提升
凯莱英2,业绩高增长，盈利能力提升 业绩高增长，盈利能力提升 业绩高增长，盈利能力提升
安彩高科,王者归来加码光伏玻璃，燃料自供和区位优势明显
宝通科技,数字孪生矿山系统发布，与兖矿能源合作愈发紧密 数字孪生矿山系统发布，有望打造行业标杆 智慧矿山商业化落地，未来成长可期
方正电机,2022H1盈利承压，下半年拐点可期
王府井,疫情扰动经营承压，收购海南旅业布局奥莱业态 22H1归母净利润同比预减23％－37％，短期疫情扰动业绩承压，6月积极引流扩销业绩逐步企稳
兴森科技,聚焦双主线，成长新拐点
中国东航,亏损进一步扩大，定增提升市场信心 22H1预亏170－195亿元，关注上海疫情好转
日辰股份,定制餐调引领者，研发＋渠道双管齐下
国防军工,成长有所分化，改革加速推进 成长有所分化，改革加速推进 成长有所分化，改革加速推进 成长有所分化，改革加速推进 成长有所分化，改革加速推进 成长有所分化，改革加速推进 成长有所分化，改革加速推进 成长有所分化，改革加速推进 成长有所分化，改革加速推进
意华股份,Q2表现亮眼，光伏＋连接器双轮驱动成长 业绩超预期，光伏支架高增长，汽车连接器持续放量
奥海科技,聚焦充储电主业，同心圆布局一体化平台
金融街,资产被低估，扣非亦高增 资产被低估，扣非亦高增 资产被低估，扣非亦高增
回盛生物,养殖回暖叠加产能投放，兽药制剂龙头或迎量利齐升
新房成交,房地产及物管行业周报——2022年W28（2022.7.9－2022.7.15） 房地产及物管行业周报——2022年W28（2022.7.9－2022.7.15）
晶澳科技,需求支撑全年出货高增，盈利能力继续提升 1H22业绩预增124％－152％，新电池技术储备丰富
峨眉山A,Q2由盈转亏，静待客流复苏
凌云光首,国产机器视觉龙头，为机器植入眼睛和大脑
亚钾国际,农钾资源成功过户，迈向国际钾盐龙头
钢铁、建,仍在磨底阶段，期待反转机会 仍在磨底阶段，期待反转机会 仍在磨底阶段，期待反转机会 仍在磨底阶段，期待反转机会
厦门钨业,Q2业绩超预期，光伏钨丝、三元材料放量迅速
粤电力A,成本高位电量回落，Q2业绩持续承压
科达制造,向新能源材料平台更进一步 加码锂电业务布局，22H1业绩预增亮眼
杉杉股份,Q2业绩环比增长，深度绑定上下游资源
国联股份,无惧疫情上半年业绩近乎翻倍，保供保畅多方响应彰显平台价值 风雨无阻，疫情背景之下逆势强势增长
视源股份,成本下行利润持续兑现，静待H2国内整机复苏
兖矿能源,海外煤价高景气，业绩望续创新高 高煤价下业绩超预期，逢时起航后劲充足 受益国际煤价提升，业绩大超预期 受益国际煤价提升，业绩大超预期 受益国际煤价提升，业绩大超预期 海外煤价强势Q2业绩高速增长，全年业绩有望深度受益海外能源危机 海内外煤价持续高位，催化2022Q2创历史最佳业绩——公司2022年中报预告点评
国睿科技,1H22业绩预告超预期；高附加值雷达业务拉动增长
国投电力,来水偏丰拉动水电业绩增长，电量承压限制火电资产表现 Q2实现量价齐升，风光项目陆续投产
昆仑万维,核心业务健康向上，盈利水平不断提升
超讯通信,携手兰州科文旅，东数西算正当时
圣农发展,食品业绩提升，养殖静待拐点
贝因美,突破行业困境，业绩持续展现
新媒股份,大屏业务发展稳健，守正创新拓展发展空间
长缆科技,原材料成本致2022H1承压，静候Q3业绩拐点
益生股份,预告2Q22环比减亏，看好全年业绩修复
隆盛科技,短期扰动不改长期逻辑，期待2H产能兑现高峰 22Q2疫情扰动，22H2加速成长 商用车销量下降业绩承压，定增扩产获批有望驱动增长
外服控股,Q2验证业绩高稳健性，外包业务成长性可期 Q2扣非业绩环比显著提速超预期
亚玛顿,业绩符合预期，超薄玻璃走出差异优势
海兰信公,UDC和特种业务崛起，船海智能设备龙头扬帆远航
中科三环,老树新根，枝繁叶茂 老树新根，枝繁叶茂 老树新根，枝繁叶茂 钕铁硼需求旺盛，扩产顺利推进，业绩持续高增长
冲击逐渐,社会服务行业2022年中报前瞻
机械,工程机械短期经营压力较大，2H22有望边际好转 工程机械短期经营压力较大，2H22有望边际好转 工程机械短期经营压力较大，2H22有望边际好转
机械国防,培育钻石
6月电力,用电需求全面回升，迎峰度夏进入关键时期——公用事业行业动态研究
怡合达,本土优势叠加高效供应链管理，FA龙头未来可期——公司首次覆盖报告
云图控股,主要产品景气持续高涨，全年业绩有望再创新高
岭南控股,预期22H1业绩增亏，防疫精准化助力业务复苏
博创科技,股份转让过户完成，看好长期协同发展
新易盛,Q2业绩环比大幅增长，后续客户侧突破可期 Q2业绩超预期，数通持续高景气
永兴材料,采选冶炼一体化扩产顺利，锂云母龙头业绩再创新高 资源与锂盐同步扩张，充分享受周期红利
中国神华,煤＆电业务双轮驱动，2022Q2业绩实现高增长——公司2022年中报预告点评 主业经营向好，Q2业绩超预期 煤电业务齐发力，预告业绩创新高
移远通信,志当存高远
舍得酒业,脚踏实地融合，复星赋能在途
石大胜华,溶剂龙头加码锂电材料，打造新能源产品矩阵
世纪华通,业绩短期承压，关注储备项目上线与IDC业务进展
锦江B股,二季度环比减亏显著，关注后端费用结构优化
兔宝宝,德为本，华而实，木之展，业久存
安井食品,安井需求表现最优，下游对冻品先生期待高——成都冻品市场草根调研反馈
Sino,Resilient_2Q22_operations_despite_weaker_consumer_demand
Hang,Foray_into_digital_human_business_with_China_Mobile
开山股份,印尼地热项目收入快速增长，公司上半年利润同比大幅增长
冀东水泥,多重压力下单季同比正增长难能可贵
莱克电气,自主品牌＋汽车零部件双轮驱动，传统业务静待回暖 无惧压力韧性凸显，三轮驱动业绩超预期
新疆天业,氯碱行业一体化企业，募投项目有序推进
璞泰来,中报预告符合预期，一体化布局效果持续显著
安道麦A,农化周期背景下，公司业绩持续超预期增长
盾安环境,中报业绩大超预期 关联担保利空出尽，2022Q2业绩环比改善显著——公司信息更新报告 中报业绩超预期，关联交易大幅提升弥补订单转移缺口，经营情况持续向好 Q2业绩超预期，主业盈利大幅改善
傲农生物,公司二季度亏损收窄，全年有望扭亏为盈
稳健医疗,22Q2收入超预期，医疗板块高增
众信旅游,转型变革谋成效，出境业务待复苏
比亚迪点,Q2盈利能力大幅提升，H2加速向上
涪陵榨菜,降本与提价共振，榨菜龙头扬帆远航
思源电气,22H1营收43.45亿元，疫情影响消散
前沿生物,FB2001降低肺、脑病毒载量，展现新冠防治潜力
三七互娱,Q2业绩超预期，出海延续高增速 上半年业绩表现良好，持续看好出海及新品表现
中青旅,Q2疫情压力下亏损符合预期，双镇开放暑期表现可期
黄河旋风,中报业绩符合预期，培育钻石龙头业绩逐季改善
瑞玛精密,盈利能力明显回升业绩超预期，车载业务拓展喜人未来持续高增可期！
欧科亿首,锯齿刀片龙头企业，数控刀具高速增长未来可期 锯齿刀片龙头企业，数控刀具高速增长未来可期 锯齿刀片龙头企业，数控刀具高速增长未来可期
Orie,Leading_designer_of_high－end_power_devices
凯莱英,业绩增长超市场预期，“小分子＋新兴业务”双轮战略持续推进
黑猫股份,传统炭黑利润触底回升，布局锂电炭黑切入新能源赛道
朗特智能,智能控制器优质玩家，电动车、离网储能打开成长天花板
星期六,业绩拐点显现，直播电商龙头遥望网络中报亮眼
佳都科技,疫情影响H1业绩表现，在建项目保障长期业绩
